timestamp, memory.used [MiB], memory.total [MiB], utilization.gpu [%], utilization.memory [%], power.draw [W], clocks.current.sm [MHz], temperature.gpu
2026/09/09 12:26:41.884, 20874, 24467, 0, 0, 3.23, 180, 28
2026/09/09 12:26:42.890, 20874, 24467, 0, 0, 3.27, 180, 28
2026/09/09 12:26:43.890, 20874, 24467, 0, 0, 3.21, 180, 28
2026/09/09 12:26:44.891, 20874, 24467, 0, 0, 3.14, 180, 28
2026/09/09 12:26:45.891, 20874, 24467, 0, 0, 3.17, 180, 28
2026/09/09 12:26:46.891, 20874, 24467, 0, 0, 3.25, 180, 28
2026/09/09 12:26:47.892, 20874, 24467, 0, 0, 3.19, 180, 28
2026/09/09 12:26:48.892, 20874, 24467, 0, 0, 3.19, 180, 28
2026/09/09 12:26:49.893, 20874, 24467, 0, 0, 3.18, 180, 28
2026/09/09 12:26:50.893, 20874, 24467, 0, 0, 3.17, 180, 28
2026/09/09 12:26:51.893, 20874, 24467, 0, 0, 3.19, 180, 28
2026/09/09 12:26:52.894, 20874, 24467, 0, 0, 3.21, 180, 28
2026/09/09 12:26:53.894, 20874, 24467, 0, 0, 3.16, 180, 28
2026/09/09 12:26:54.894, 20874, 24467, 0, 0, 3.04, 180, 28
2026/09/09 12:26:55.895, 20874, 24467, 0, 0, 3.06, 180, 28
2026/09/09 12:26:56.895, 20874, 24467, 0, 0, 3.11, 180, 28
2026/09/09 12:26:57.896, 20874, 24467, 0, 0, 3.05, 180, 28
2026/09/09 12:26:58.896, 20874, 24467, 0, 0, 3.12, 180, 28
2026/09/09 12:26:59.896, 20874, 24467, 0, 0, 3.18, 180, 28
2026/09/09 12:27:00.897, 20874, 24467, 0, 0, 3.25, 180, 28
2026/09/09 12:27:01.897, 20874, 24467, 0, 0, 3.10, 180, 28
2026/09/09 12:27:02.897, 20874, 24467, 0, 0, 3.15, 180, 28
2026/09/09 12:27:03.898, 20874, 24467, 0, 0, 3.35, 180, 28
2026/09/09 12:27:04.898, 20874, 24467, 0, 0, 3.16, 180, 28
2026/09/09 12:27:05.899, 20874, 24467, 0, 0, 3.15, 180, 28
2026/09/09 12:27:06.899, 20874, 24467, 0, 0, 3.15, 180, 28
2026/09/09 12:27:07.899, 20874, 24467, 0, 0, 3.11, 180, 28
2026/09/09 12:27:08.900, 20874, 24467, 0, 0, 3.09, 180, 28
2026/09/09 12:27:09.900, 20874, 24467, 0, 0, 3.09, 180, 28
2026/09/09 12:27:10.900, 20874, 24467, 0, 0, 3.15, 180, 28
2026/09/09 12:27:11.901, 20874, 24467, 0, 0, 3.17, 180, 28
2026/09/09 12:27:12.901, 20874, 24467, 0, 0, 3.14, 180, 28
2026/09/09 12:27:13.901, 20874, 24467, 0, 0, 3.19, 180, 28
2026/09/09 12:27:14.902, 20874, 24467, 0, 0, 3.28, 180, 28
2026/09/09 12:27:15.902, 20874, 24467, 0, 0, 3.34, 172, 28
2026/09/09 12:27:16.903, 20874, 24467, 0, 0, 3.29, 180, 28
2026/09/09 12:27:17.903, 20874, 24467, 0, 0, 3.20, 180, 28
2026/09/09 12:27:18.903, 20874, 24467, 0, 0, 3.32, 180, 28
2026/09/09 12:27:19.904, 20874, 24467, 0, 0, 3.38, 180, 28
2026/09/09 12:27:20.904, 20874, 24467, 0, 0, 3.35, 180, 28
2026/09/09 12:27:21.904, 20874, 24467, 0, 0, 3.36, 180, 28
2026/09/09 12:27:22.905, 20874, 24467, 0, 0, 3.31, 180, 28
2026/09/09 12:27:23.905, 20874, 24467, 0, 0, 3.33, 180, 28
2026/09/09 12:27:24.905, 20874, 24467, 0, 0, 3.44, 180, 28
2026/09/09 12:27:25.906, 20874, 24467, 0, 0, 3.48, 180, 28
2026/09/09 12:27:26.906, 20874, 24467, 0, 0, 3.29, 180, 28
2026/09/09 12:27:27.906, 20874, 24467, 0, 0, 3.22, 180, 28
2026/09/09 12:27:28.907, 20874, 24467, 0, 0, 3.17, 180, 28
2026/09/09 12:27:29.907, 20874, 24467, 0, 0, 3.13, 172, 28
2026/09/09 12:27:30.907, 20874, 24467, 0, 0, 3.28, 180, 28
2026/09/09 12:27:31.908, 20874, 24467, 0, 0, 3.23, 180, 28
2026/09/09 12:27:32.908, 20874, 24467, 0, 0, 3.27, 180, 28
2026/09/09 12:27:33.908, 20874, 24467, 0, 0, 3.23, 180, 28
2026/09/09 12:27:34.909, 20874, 24467, 0, 0, 3.10, 180, 28
2026/09/09 12:27:35.909, 20874, 24467, 0, 0, 3.12, 180, 28
2026/09/09 12:27:36.909, 20874, 24467, 0, 0, 3.17, 180, 28
2026/09/09 12:27:37.910, 20874, 24467, 0, 0, 3.19, 180, 28
2026/09/09 12:27:38.910, 20874, 24467, 0, 0, 3.22, 180, 28
2026/09/09 12:27:39.910, 20874, 24467, 0, 0, 3.24, 180, 28
2026/09/09 12:27:40.911, 20874, 24467, 0, 0, 3.45, 180, 28
2026/09/09 12:27:41.911, 20874, 24467, 0, 0, 3.29, 180, 28
2026/09/09 12:27:42.911, 20874, 24467, 0, 0, 3.36, 180, 28
2026/09/09 12:27:43.912, 20874, 24467, 0, 0, 3.26, 180, 28
2026/09/09 12:27:44.912, 20874, 24467, 0, 0, 3.14, 180, 28
2026/09/09 12:27:45.912, 20874, 24467, 0, 0, 3.11, 180, 28
2026/09/09 12:27:46.913, 20874, 24467, 0, 0, 3.20, 180, 28
2026/09/09 12:27:47.913, 20874, 24467, 0, 0, 3.23, 180, 28
2026/09/09 12:27:48.914, 20874, 24467, 0, 0, 3.22, 180, 28
2026/09/09 12:27:49.914, 20874, 24467, 0, 0, 3.17, 180, 28
2026/09/09 12:27:50.914, 20874, 24467, 0, 0, 3.09, 180, 28
2026/09/09 12:27:51.915, 20874, 24467, 0, 0, 3.11, 180, 28
2026/09/09 12:27:52.915, 20874, 24467, 0, 0, 3.14, 180, 28
2026/09/09 12:27:53.915, 20874, 24467, 0, 0, 3.26, 180, 28
2026/09/09 12:27:54.916, 20874, 24467, 0, 0, 3.20, 180, 28
2026/09/09 12:27:55.916, 20874, 24467, 0, 0, 3.21, 180, 28
2026/09/09 12:27:56.916, 20874, 24467, 0, 0, 3.22, 180, 28
2026/09/09 12:27:57.917, 20874, 24467, 0, 0, 3.11, 180, 28
2026/09/09 12:27:58.917, 20874, 24467, 0, 0, 3.05, 180, 28
2026/09/09 12:27:59.917, 20874, 24467, 0, 0, 3.05, 180, 28
2026/09/09 12:28:00.918, 20874, 24467, 0, 0, 3.13, 180, 28
2026/09/09 12:28:01.918, 20874, 24467, 0, 0, 3.11, 180, 28
2026/09/09 12:28:02.918, 20874, 24467, 0, 0, 3.19, 180, 28
2026/09/09 12:28:03.919, 20874, 24467, 0, 0, 3.17, 180, 28
2026/09/09 12:28:04.919, 20874, 24467, 0, 0, 3.19, 180, 28
2026/09/09 12:28:05.919, 20874, 24467, 0, 0, 3.09, 180, 28
2026/09/09 12:28:06.920, 20874, 24467, 0, 0, 3.11, 180, 28
2026/09/09 12:28:07.920, 20874, 24467, 0, 0, 3.04, 180, 28
2026/09/09 12:28:08.921, 20874, 24467, 0, 0, 3.07, 180, 28
2026/09/09 12:28:09.921, 20874, 24467, 0, 0, 3.12, 180, 28
2026/09/09 12:28:10.921, 20874, 24467, 0, 0, 3.11, 180, 28
2026/09/09 12:28:11.922, 20874, 24467, 0, 0, 3.18, 180, 28
2026/09/09 12:28:12.922, 20874, 24467, 0, 0, 3.12, 180, 28
2026/09/09 12:28:13.922, 20874, 24467, 0, 0, 3.09, 180, 28
2026/09/09 12:28:14.923, 20874, 24467, 0, 0, 2.98, 180, 28
2026/09/09 12:28:15.923, 20874, 24467, 0, 0, 2.94, 180, 28
2026/09/09 12:28:16.923, 20874, 24467, 0, 0, 3.01, 180, 28
2026/09/09 12:28:17.924, 20874, 24467, 0, 0, 2.98, 180, 28
2026/09/09 12:28:18.924, 20874, 24467, 0, 0, 3.00, 180, 28
2026/09/09 12:28:19.925, 20874, 24467, 0, 0, 3.15, 180, 28
2026/09/09 12:28:20.925, 20874, 24467, 0, 0, 3.18, 180, 28
2026/09/09 12:28:21.925, 20874, 24467, 0, 0, 3.14, 180, 28
2026/09/09 12:28:22.926, 20874, 24467, 0, 0, 3.12, 180, 28
2026/09/09 12:28:23.926, 20874, 24467, 0, 0, 3.09, 180, 28
2026/09/09 12:28:24.926, 20874, 24467, 0, 0, 3.07, 180, 28
2026/09/09 12:28:25.927, 20874, 24467, 0, 0, 2.99, 180, 28
2026/09/09 12:28:26.927, 20874, 24467, 0, 0, 2.91, 180, 28
2026/09/09 12:28:27.927, 20874, 24467, 0, 0, 2.93, 180, 28
2026/09/09 12:28:28.928, 20874, 24467, 0, 0, 2.97, 180, 28
2026/09/09 12:28:29.928, 20874, 24467, 0, 0, 3.01, 180, 28
2026/09/09 12:28:30.928, 20874, 24467, 0, 0, 3.07, 180, 28
2026/09/09 12:28:31.929, 20874, 24467, 0, 0, 3.04, 180, 28
2026/09/09 12:28:32.929, 20874, 24467, 0, 0, 3.03, 180, 28
2026/09/09 12:28:33.929, 20874, 24467, 0, 0, 3.10, 180, 28
2026/09/09 12:28:34.930, 20874, 24467, 0, 0, 3.09, 180, 28
2026/09/09 12:28:35.930, 20874, 24467, 0, 0, 3.09, 180, 28
2026/09/09 12:28:36.930, 20874, 24467, 0, 0, 3.02, 180, 28
2026/09/09 12:28:37.931, 20874, 24467, 0, 0, 3.01, 180, 28
2026/09/09 12:28:38.931, 20874, 24467, 0, 0, 2.99, 180, 28
2026/09/09 12:28:39.932, 20874, 24467, 0, 0, 3.12, 180, 28
2026/09/09 12:28:40.932, 20874, 24467, 0, 0, 3.08, 180, 28
2026/09/09 12:28:41.932, 20874, 24467, 0, 0, 3.04, 180, 28
2026/09/09 12:28:42.933, 20874, 24467, 0, 0, 3.05, 180, 28
2026/09/09 12:28:43.933, 20874, 24467, 0, 0, 3.05, 180, 28
2026/09/09 12:28:44.933, 20874, 24467, 0, 0, 3.02, 180, 28
2026/09/09 12:28:45.934, 20874, 24467, 0, 0, 3.13, 180, 28
2026/09/09 12:28:46.934, 20874, 24467, 0, 0, 3.09, 180, 28
2026/09/09 12:28:47.934, 20874, 24467, 0, 0, 3.12, 180, 28
2026/09/09 12:28:48.935, 20874, 24467, 0, 0, 3.12, 180, 28
2026/09/09 12:28:49.935, 20874, 24467, 0, 0, 3.14, 180, 28
2026/09/09 12:28:50.935, 20874, 24467, 0, 0, 3.09, 180, 28
2026/09/09 12:28:51.936, 20874, 24467, 0, 0, 3.04, 180, 28
2026/09/09 12:28:52.936, 20874, 24467, 0, 0, 3.07, 180, 28
2026/09/09 12:28:53.936, 20874, 24467, 0, 0, 3.12, 180, 28
2026/09/09 12:28:54.937, 20874, 24467, 0, 0, 3.13, 180, 28
2026/09/09 12:28:55.937, 20874, 24467, 0, 0, 3.11, 180, 28
2026/09/09 12:28:56.937, 20874, 24467, 0, 0, 3.09, 180, 28
2026/09/09 12:28:57.938, 20874, 24467, 0, 0, 3.75, 180, 28
2026/09/09 12:28:58.938, 20874, 24467, 0, 0, 3.02, 180, 28
2026/09/09 12:28:59.938, 20874, 24467, 0, 0, 3.04, 180, 28
2026/09/09 12:29:00.939, 20874, 24467, 0, 0, 3.13, 180, 28
2026/09/09 12:29:01.939, 20874, 24467, 0, 0, 3.10, 172, 28
2026/09/09 12:29:02.940, 20874, 24467, 0, 0, 3.08, 180, 28
2026/09/09 12:29:03.940, 20874, 24467, 0, 0, 3.05, 180, 28
2026/09/09 12:29:04.940, 20874, 24467, 0, 0, 3.06, 180, 28
2026/09/09 12:29:05.941, 20874, 24467, 0, 0, 3.14, 180, 28
2026/09/09 12:29:06.941, 20874, 24467, 0, 0, 3.16, 180, 28
2026/09/09 12:29:07.941, 20874, 24467, 0, 0, 3.13, 180, 28
2026/09/09 12:29:08.942, 20874, 24467, 0, 0, 3.09, 172, 28
2026/09/09 12:29:09.942, 20874, 24467, 0, 0, 3.09, 180, 28
2026/09/09 12:29:10.942, 20874, 24467, 0, 0, 3.28, 180, 28
2026/09/09 12:29:11.943, 20874, 24467, 0, 0, 3.17, 180, 28
2026/09/09 12:29:12.943, 20874, 24467, 0, 0, 3.11, 180, 28
2026/09/09 12:29:13.943, 20874, 24467, 0, 0, 3.16, 180, 28
2026/09/09 12:29:14.944, 20874, 24467, 0, 0, 3.17, 180, 28
2026/09/09 12:29:15.944, 20874, 24467, 0, 0, 3.10, 172, 28
2026/09/09 12:29:16.944, 20874, 24467, 0, 0, 2.94, 180, 28
2026/09/09 12:29:17.945, 20874, 24467, 0, 0, 2.98, 180, 28
2026/09/09 12:29:18.945, 20874, 24467, 0, 0, 3.09, 180, 28
2026/09/09 12:29:19.945, 20874, 24467, 0, 0, 3.07, 180, 28
2026/09/09 12:29:20.946, 20874, 24467, 0, 0, 3.20, 180, 28
2026/09/09 12:29:21.946, 20874, 24467, 0, 0, 3.14, 180, 28
2026/09/09 12:29:22.946, 20874, 24467, 0, 0, 3.16, 180, 28
2026/09/09 12:29:23.947, 20874, 24467, 0, 0, 3.05, 180, 28
2026/09/09 12:29:24.947, 20874, 24467, 0, 0, 3.06, 180, 28
2026/09/09 12:29:25.947, 20874, 24467, 0, 0, 3.09, 180, 28
2026/09/09 12:29:26.948, 20874, 24467, 0, 0, 3.14, 180, 28
2026/09/09 12:29:27.948, 20874, 24467, 0, 0, 3.21, 180, 28
2026/09/09 12:29:28.948, 20874, 24467, 0, 0, 3.06, 180, 28
2026/09/09 12:29:29.949, 20874, 24467, 0, 0, 3.05, 180, 28
2026/09/09 12:29:30.949, 20874, 24467, 0, 0, 3.12, 180, 28
2026/09/09 12:29:31.949, 20874, 24467, 0, 0, 3.05, 180, 28
2026/09/09 12:29:32.950, 20874, 24467, 0, 0, 3.05, 180, 28
2026/09/09 12:29:33.950, 20874, 24467, 0, 0, 3.24, 180, 28
2026/09/09 12:29:34.950, 20874, 24467, 0, 0, 3.20, 180, 28
2026/09/09 12:29:35.951, 20874, 24467, 0, 0, 3.22, 180, 28
2026/09/09 12:29:36.951, 20874, 24467, 0, 0, 3.21, 180, 28
2026/09/09 12:29:37.951, 20874, 24467, 0, 0, 3.18, 180, 28
2026/09/09 12:29:38.952, 20874, 24467, 0, 0, 3.06, 180, 28
2026/09/09 12:29:39.952, 20874, 24467, 0, 0, 3.09, 180, 28
2026/09/09 12:29:40.952, 20874, 24467, 0, 0, 3.19, 180, 28
2026/09/09 12:29:41.953, 20874, 24467, 0, 0, 3.22, 180, 28
2026/09/09 12:29:42.953, 20874, 24467, 0, 0, 3.30, 180, 28
2026/09/09 12:29:43.953, 20874, 24467, 0, 0, 3.36, 180, 28
2026/09/09 12:29:44.954, 20874, 24467, 0, 0, 3.28, 180, 28
2026/09/09 12:29:45.954, 20874, 24467, 0, 0, 3.27, 180, 28
2026/09/09 12:29:46.955, 20874, 24467, 0, 0, 3.44, 180, 28
2026/09/09 12:29:47.955, 20874, 24467, 0, 0, 3.45, 180, 28
2026/09/09 12:29:48.955, 20874, 24467, 0, 0, 3.48, 180, 28
2026/09/09 12:29:49.956, 20874, 24467, 0, 0, 3.51, 180, 28
2026/09/09 12:29:50.956, 20874, 24467, 0, 0, 3.33, 180, 28
2026/09/09 12:29:51.956, 20874, 24467, 0, 0, 3.35, 180, 28
2026/09/09 12:29:52.957, 20874, 24467, 0, 0, 3.34, 180, 28
2026/09/09 12:29:53.957, 20874, 24467, 0, 0, 3.27, 180, 28
2026/09/09 12:29:54.957, 20874, 24467, 0, 0, 3.17, 180, 28
2026/09/09 12:29:55.958, 20874, 24467, 0, 0, 3.59, 180, 28
2026/09/09 12:29:56.958, 20874, 24467, 0, 0, 3.47, 180, 28
2026/09/09 12:29:57.958, 20874, 24467, 0, 0, 3.71, 180, 28
2026/09/09 12:29:58.959, 20874, 24467, 0, 0, 3.40, 180, 28
2026/09/09 12:29:59.959, 20874, 24467, 0, 0, 3.33, 180, 28
2026/09/09 12:30:00.959, 20874, 24467, 0, 0, 3.28, 180, 28
2026/09/09 12:30:01.960, 20874, 24467, 0, 0, 3.31, 180, 28
2026/09/09 12:30:02.960, 20874, 24467, 0, 0, 3.44, 180, 28
2026/09/09 12:30:03.960, 21103, 24467, 0, 0, 4.04, 180, 28
2026/09/09 12:30:04.961, 20874, 24467, 0, 0, 27.70, 2047, 29
2026/09/09 12:30:05.961, 20874, 24467, 0, 0, 29.28, 2047, 29
2026/09/09 12:30:06.962, 20874, 24467, 0, 0, 23.31, 405, 29
2026/09/09 12:30:07.962, 20874, 24467, 0, 0, 16.59, 255, 28
2026/09/09 12:30:08.962, 20874, 24467, 0, 0, 10.90, 180, 28
2026/09/09 12:30:09.963, 20874, 24467, 0, 0, 4.30, 172, 28
2026/09/09 12:30:10.963, 20874, 24467, 0, 0, 29.24, 472, 37
2026/09/09 12:30:11.964, 20874, 24467, 100, 58, 145.49, 1665, 39
2026/09/09 12:30:12.964, 20874, 24467, 100, 88, 144.96, 2040, 38
2026/09/09 12:30:13.964, 20874, 24467, 100, 89, 144.99, 2025, 39
2026/09/09 12:30:14.965, 20874, 24467, 100, 89, 145.05, 1942, 42
2026/09/09 12:30:15.965, 20874, 24467, 100, 57, 145.01, 1657, 43
2026/09/09 12:30:16.965, 20874, 24467, 100, 88, 144.95, 2010, 42
2026/09/09 12:30:17.966, 20874, 24467, 100, 89, 145.01, 1995, 43
2026/09/09 12:30:18.966, 20874, 24467, 100, 89, 121.00, 2130, 39
2026/09/09 12:30:19.967, 20874, 24467, 0, 0, 39.55, 2490, 38
2026/09/09 12:30:20.967, 20874, 24467, 0, 0, 34.69, 2490, 37
2026/09/09 12:30:21.967, 20874, 24467, 0, 0, 29.28, 2047, 37
2026/09/09 12:30:22.968, 20874, 24467, 0, 0, 29.25, 2047, 36
2026/09/09 12:30:23.968, 20874, 24467, 0, 0, 29.29, 2047, 36
2026/09/09 12:30:24.968, 20874, 24467, 0, 0, 29.38, 2047, 36
2026/09/09 12:30:25.969, 20874, 24467, 0, 0, 29.36, 2047, 36
2026/09/09 12:30:26.969, 20874, 24467, 0, 0, 29.24, 2047, 36
2026/09/09 12:30:27.969, 20874, 24467, 0, 0, 29.17, 2047, 36
2026/09/09 12:30:28.970, 20874, 24467, 0, 0, 29.16, 2047, 36
2026/09/09 12:30:29.970, 20874, 24467, 0, 0, 29.15, 2047, 36
2026/09/09 12:30:30.970, 20874, 24467, 0, 0, 29.15, 2047, 36
2026/09/09 12:30:31.971, 20874, 24467, 0, 0, 29.11, 2047, 35
2026/09/09 12:30:32.971, 20874, 24467, 0, 0, 29.09, 2047, 35
2026/09/09 12:30:33.971, 20874, 24467, 0, 0, 29.09, 2047, 35
2026/09/09 12:30:34.972, 20874, 24467, 0, 0, 29.09, 2047, 35
2026/09/09 12:30:35.972, 20874, 24467, 0, 0, 20.42, 2047, 35
2026/09/09 12:30:36.972, 20874, 24467, 0, 0, 14.16, 315, 34
2026/09/09 12:30:37.973, 20874, 24467, 0, 0, 5.29, 195, 34
2026/09/09 12:30:38.973, 20874, 24467, 0, 0, 5.12, 180, 34
2026/09/09 12:30:39.973, 20874, 24467, 0, 0, 3.83, 180, 34
2026/09/09 12:30:40.974, 20874, 24467, 0, 0, 3.88, 180, 34
2026/09/09 12:30:41.974, 20874, 24467, 0, 0, 3.77, 180, 33
2026/09/09 12:30:42.974, 20874, 24467, 0, 0, 3.34, 180, 33
2026/09/09 12:30:43.975, 20874, 24467, 0, 0, 3.69, 180, 33
2026/09/09 12:30:44.975, 20874, 24467, 0, 0, 49.02, 757, 41
2026/09/09 12:30:45.975, 20874, 24467, 100, 58, 145.54, 1657, 43
2026/09/09 12:30:46.976, 20874, 24467, 100, 57, 144.96, 1807, 43
2026/09/09 12:30:47.976, 20874, 24467, 100, 83, 145.00, 1800, 44
2026/09/09 12:30:48.977, 20874, 24467, 100, 84, 145.01, 1800, 45
2026/09/09 12:30:49.977, 20874, 24467, 100, 81, 145.04, 1657, 47
2026/09/09 12:30:50.977, 20874, 24467, 100, 57, 144.99, 1657, 48
2026/09/09 12:30:51.978, 20874, 24467, 100, 83, 144.97, 1777, 48
2026/09/09 12:30:52.978, 20874, 24467, 100, 83, 145.00, 1785, 48
2026/09/09 12:30:53.978, 20874, 24467, 100, 84, 145.00, 1785, 49
2026/09/09 12:30:54.979, 20874, 24467, 100, 56, 145.04, 1650, 51
2026/09/09 12:30:55.979, 20874, 24467, 100, 57, 145.00, 1642, 52
2026/09/09 12:30:56.979, 20874, 24467, 100, 83, 144.96, 1762, 51
2026/09/09 12:30:57.980, 20874, 24467, 100, 83, 145.00, 1762, 52
2026/09/09 12:30:58.980, 20874, 24467, 100, 83, 145.01, 1762, 52
2026/09/09 12:30:59.980, 20874, 24467, 100, 57, 145.03, 1642, 54
2026/09/09 12:31:00.981, 20874, 24467, 100, 56, 144.99, 1635, 53
2026/09/09 12:31:01.981, 20874, 24467, 100, 83, 144.99, 1740, 53
2026/09/09 12:31:02.981, 20874, 24467, 100, 83, 145.00, 1747, 54
2026/09/09 12:31:03.982, 20874, 24467, 100, 84, 145.02, 1740, 56
2026/09/09 12:31:04.982, 20874, 24467, 100, 56, 145.03, 1635, 56
2026/09/09 12:31:05.982, 20874, 24467, 100, 57, 144.97, 1687, 56
2026/09/09 12:31:06.983, 20874, 24467, 100, 83, 144.99, 1732, 56
2026/09/09 12:31:07.983, 20874, 24467, 100, 83, 145.01, 1732, 56
2026/09/09 12:31:08.983, 20874, 24467, 100, 83, 117.41, 2145, 51
2026/09/09 12:31:09.984, 20874, 24467, 0, 0, 42.32, 2482, 50
2026/09/09 12:31:10.984, 20874, 24467, 0, 0, 37.60, 2047, 49
2026/09/09 12:31:11.985, 20874, 24467, 0, 0, 34.22, 2047, 48
2026/09/09 12:31:12.985, 20874, 24467, 0, 0, 30.78, 2047, 47
2026/09/09 12:31:13.985, 20874, 24467, 0, 0, 30.69, 2047, 47
2026/09/09 12:31:14.986, 20874, 24467, 0, 0, 30.38, 2047, 46
2026/09/09 12:31:15.986, 20874, 24467, 0, 0, 30.40, 2047, 46
2026/09/09 12:31:16.986, 20874, 24467, 0, 0, 30.16, 2047, 45
2026/09/09 12:31:17.986, 20874, 24467, 0, 0, 30.17, 2047, 45
2026/09/09 12:31:18.987, 20874, 24467, 0, 0, 30.09, 2047, 44
2026/09/09 12:31:19.987, 20874, 24467, 0, 0, 29.79, 2047, 44
2026/09/09 12:31:20.988, 20874, 24467, 0, 0, 29.82, 2047, 44
2026/09/09 12:31:21.988, 20874, 24467, 0, 0, 29.84, 2047, 43
2026/09/09 12:31:22.988, 20874, 24467, 0, 0, 29.79, 2047, 43
2026/09/09 12:31:23.989, 20874, 24467, 0, 0, 29.76, 2047, 43
2026/09/09 12:31:24.989, 20874, 24467, 0, 0, 29.75, 2047, 43
2026/09/09 12:31:25.989, 20874, 24467, 0, 0, 21.61, 345, 42
2026/09/09 12:31:26.990, 20874, 24467, 0, 0, 15.42, 225, 41
2026/09/09 12:31:27.990, 20874, 24467, 0, 0, 7.75, 180, 41
2026/09/09 12:31:28.990, 20874, 24467, 0, 0, 5.99, 180, 41
2026/09/09 12:31:29.991, 20874, 24467, 0, 0, 5.28, 180, 40
2026/09/09 12:31:30.991, 20874, 24467, 0, 0, 47.18, 810, 48
2026/09/09 12:31:31.991, 20874, 24467, 100, 53, 145.53, 1657, 50
2026/09/09 12:31:32.992, 20874, 24467, 100, 53, 144.99, 1657, 51
2026/09/09 12:31:33.992, 20874, 24467, 100, 52, 145.02, 1650, 52
2026/09/09 12:31:34.992, 20874, 24467, 100, 54, 144.99, 1642, 53
2026/09/09 12:31:35.993, 20874, 24467, 100, 54, 144.99, 1650, 54
2026/09/09 12:31:36.993, 20874, 24467, 100, 54, 145.00, 1642, 55
2026/09/09 12:31:37.993, 20874, 24467, 100, 56, 145.00, 1650, 55
2026/09/09 12:31:38.994, 20874, 24467, 100, 54, 145.01, 1642, 56
2026/09/09 12:31:39.994, 20874, 24467, 100, 93, 144.95, 2130, 54
2026/09/09 12:31:40.995, 20874, 24467, 100, 93, 144.99, 2122, 54
2026/09/09 12:31:41.995, 20874, 24467, 100, 93, 145.01, 2130, 54
2026/09/09 12:31:42.995, 20874, 24467, 100, 93, 145.00, 2122, 55
2026/09/09 12:31:43.996, 20874, 24467, 100, 93, 144.99, 2115, 55
2026/09/09 12:31:44.996, 20874, 24467, 100, 93, 145.00, 2115, 55
2026/09/09 12:31:45.996, 20874, 24467, 100, 93, 145.01, 2107, 56
2026/09/09 12:31:46.997, 20874, 24467, 100, 93, 144.99, 2107, 56
2026/09/09 12:31:47.997, 20874, 24467, 100, 93, 144.99, 2107, 57
2026/09/09 12:31:48.997, 20874, 24467, 100, 93, 145.01, 2107, 57
2026/09/09 12:31:49.998, 20874, 24467, 100, 93, 145.00, 2100, 57
2026/09/09 12:31:50.998, 20874, 24467, 100, 93, 145.01, 2100, 57
2026/09/09 12:31:51.998, 20874, 24467, 100, 93, 144.99, 2100, 58
2026/09/09 12:31:52.999, 20874, 24467, 100, 93, 145.00, 2092, 58
2026/09/09 12:31:53.999, 20874, 24467, 100, 56, 145.04, 1627, 61
2026/09/09 12:31:54.999, 20874, 24467, 100, 55, 145.00, 1627, 61
2026/09/09 12:31:56.000, 20874, 24467, 100, 53, 144.99, 1627, 62
2026/09/09 12:31:57.000, 20874, 24467, 100, 54, 145.01, 1627, 62
2026/09/09 12:31:58.000, 20874, 24467, 100, 51, 144.99, 1620, 62
2026/09/09 12:31:59.001, 20874, 24467, 100, 52, 145.00, 1627, 63
2026/09/09 12:32:00.001, 20874, 24467, 100, 52, 145.01, 1620, 63
2026/09/09 12:32:01.001, 20874, 24467, 100, 52, 145.00, 1627, 63
2026/09/09 12:32:02.002, 20874, 24467, 100, 54, 144.99, 1620, 63
2026/09/09 12:32:03.002, 20874, 24467, 100, 92, 144.94, 2085, 61
2026/09/09 12:32:04.002, 20874, 24467, 100, 92, 145.00, 2077, 61
2026/09/09 12:32:05.003, 20874, 24467, 100, 92, 145.00, 2077, 61
2026/09/09 12:32:06.003, 20874, 24467, 100, 92, 145.00, 2070, 61
2026/09/09 12:32:07.004, 20874, 24467, 100, 92, 144.99, 2070, 61
2026/09/09 12:32:08.004, 20874, 24467, 100, 93, 144.99, 2062, 61
2026/09/09 12:32:09.004, 20874, 24467, 100, 92, 145.01, 2070, 61
2026/09/09 12:32:10.005, 20874, 24467, 100, 92, 144.98, 2070, 62
2026/09/09 12:32:11.005, 20874, 24467, 100, 92, 145.00, 2062, 62
2026/09/09 12:32:12.005, 20874, 24467, 100, 93, 144.99, 2070, 62
2026/09/09 12:32:13.006, 20874, 24467, 100, 92, 145.00, 2062, 62
2026/09/09 12:32:14.006, 20874, 24467, 100, 93, 145.01, 2055, 62
2026/09/09 12:32:15.007, 20874, 24467, 100, 93, 144.99, 2055, 62
2026/09/09 12:32:16.007, 20874, 24467, 100, 93, 144.99, 2055, 62
2026/09/09 12:32:17.007, 20874, 24467, 100, 54, 145.05, 1710, 65
2026/09/09 12:32:18.008, 20874, 24467, 100, 56, 145.01, 1695, 65
2026/09/09 12:32:19.008, 20874, 24467, 100, 55, 144.99, 1702, 65
2026/09/09 12:32:20.008, 20874, 24467, 100, 55, 145.00, 1702, 65
2026/09/09 12:32:21.009, 20874, 24467, 100, 57, 145.00, 1695, 66
2026/09/09 12:32:22.009, 20874, 24467, 100, 57, 145.00, 1702, 66
2026/09/09 12:32:23.009, 20874, 24467, 100, 57, 144.99, 1695, 66
2026/09/09 12:32:24.010, 20874, 24467, 100, 56, 145.00, 1702, 66
2026/09/09 12:32:25.010, 20874, 24467, 100, 87, 144.96, 2182, 63
2026/09/09 12:32:26.011, 20874, 24467, 100, 93, 144.99, 2182, 63
2026/09/09 12:32:27.011, 20874, 24467, 100, 93, 145.00, 2175, 64
2026/09/09 12:32:28.011, 20874, 24467, 100, 93, 144.99, 2175, 64
2026/09/09 12:32:29.012, 20874, 24467, 100, 93, 145.01, 2175, 64
2026/09/09 12:32:30.012, 20874, 24467, 100, 93, 145.00, 2175, 64
2026/09/09 12:32:31.012, 20874, 24467, 100, 93, 145.01, 2175, 64
2026/09/09 12:32:32.013, 20874, 24467, 100, 93, 144.99, 2175, 64
2026/09/09 12:32:33.013, 20874, 24467, 100, 93, 145.00, 2175, 64
2026/09/09 12:32:34.013, 20874, 24467, 100, 93, 145.00, 2175, 63
2026/09/09 12:32:35.014, 20874, 24467, 100, 93, 145.00, 2167, 64
2026/09/09 12:32:36.014, 20874, 24467, 100, 93, 145.00, 2167, 64
2026/09/09 12:32:37.015, 20874, 24467, 100, 93, 145.00, 2160, 64
2026/09/09 12:32:38.015, 20874, 24467, 100, 93, 145.00, 2167, 64
2026/09/09 12:32:39.015, 20874, 24467, 100, 57, 145.02, 1695, 66
2026/09/09 12:32:40.016, 20874, 24467, 100, 57, 145.00, 1687, 67
2026/09/09 12:32:41.016, 20874, 24467, 100, 54, 145.00, 1695, 67
2026/09/09 12:32:42.016, 20874, 24467, 100, 55, 144.99, 1695, 67
2026/09/09 12:32:43.017, 20874, 24467, 100, 54, 145.00, 1687, 67
2026/09/09 12:32:44.017, 20874, 24467, 100, 53, 145.00, 1695, 67
2026/09/09 12:32:45.017, 20874, 24467, 100, 54, 145.00, 1695, 67
2026/09/09 12:32:46.018, 20874, 24467, 100, 56, 144.98, 1695, 67
2026/09/09 12:32:47.018, 20874, 24467, 100, 54, 145.00, 1695, 67
2026/09/09 12:32:48.018, 20874, 24467, 100, 93, 144.95, 2175, 65
2026/09/09 12:32:49.019, 20874, 24467, 100, 93, 144.99, 2167, 65
2026/09/09 12:32:50.019, 20874, 24467, 100, 93, 145.01, 2167, 65
2026/09/09 12:32:51.019, 20874, 24467, 100, 93, 145.00, 2167, 65
2026/09/09 12:32:52.020, 20874, 24467, 100, 93, 145.00, 2160, 65
2026/09/09 12:32:53.020, 20874, 24467, 100, 93, 145.01, 2160, 65
2026/09/09 12:32:54.020, 20874, 24467, 100, 93, 145.00, 2160, 64
2026/09/09 12:32:55.021, 20874, 24467, 100, 93, 145.00, 2160, 64
2026/09/09 12:32:56.021, 20874, 24467, 100, 93, 145.00, 2160, 65
2026/09/09 12:32:57.021, 20874, 24467, 100, 93, 144.99, 2160, 65
2026/09/09 12:32:58.022, 20874, 24467, 100, 93, 145.00, 2152, 65
2026/09/09 12:32:59.022, 20874, 24467, 100, 93, 145.00, 2160, 65
2026/09/09 12:33:00.023, 20874, 24467, 100, 93, 144.99, 2152, 65
2026/09/09 12:33:01.023, 20874, 24467, 100, 93, 145.00, 2152, 65
2026/09/09 12:33:02.023, 20874, 24467, 0, 0, 77.71, 2467, 60
2026/09/09 12:33:03.024, 20874, 24467, 0, 0, 44.07, 2467, 60
2026/09/09 12:33:04.024, 20874, 24467, 0, 0, 39.24, 2100, 58
2026/09/09 12:33:05.024, 20874, 24467, 0, 0, 36.13, 2047, 57
2026/09/09 12:33:06.025, 20874, 24467, 0, 0, 32.73, 2047, 56
2026/09/09 12:33:07.025, 20874, 24467, 0, 0, 32.41, 2047, 55
2026/09/09 12:33:08.025, 20874, 24467, 0, 0, 32.15, 2047, 55
2026/09/09 12:33:09.026, 20874, 24467, 0, 0, 32.09, 2047, 54
2026/09/09 12:33:10.026, 20874, 24467, 0, 0, 31.91, 2047, 53
2026/09/09 12:33:11.026, 20874, 24467, 0, 0, 31.67, 2047, 53
2026/09/09 12:33:12.027, 20874, 24467, 0, 0, 31.32, 2047, 52
2026/09/09 12:33:13.027, 20874, 24467, 0, 0, 31.19, 2047, 52
2026/09/09 12:33:14.027, 20874, 24467, 0, 0, 31.03, 2047, 51
2026/09/09 12:33:15.028, 20874, 24467, 0, 0, 31.04, 2047, 51
2026/09/09 12:33:16.028, 20874, 24467, 0, 0, 30.95, 2047, 50
2026/09/09 12:33:17.028, 20874, 24467, 0, 0, 30.72, 2047, 50
2026/09/09 12:33:18.029, 20874, 24467, 0, 0, 30.67, 2047, 49
2026/09/09 12:33:19.029, 20874, 24467, 0, 0, 27.11, 1215, 48
2026/09/09 12:33:20.029, 20874, 24467, 0, 0, 18.84, 277, 48
2026/09/09 12:33:21.030, 20874, 24467, 0, 0, 8.22, 180, 47
2026/09/09 12:33:22.030, 20874, 24467, 0, 0, 6.75, 180, 47
2026/09/09 12:33:23.031, 20874, 24467, 0, 0, 8.94, 180, 46
2026/09/09 12:33:24.031, 20874, 24467, 100, 90, 148.21, 1957, 53
2026/09/09 12:33:25.031, 20874, 24467, 100, 93, 145.01, 1905, 54
2026/09/09 12:33:26.032, 20874, 24467, 100, 93, 145.01, 1897, 55
2026/09/09 12:33:27.032, 20874, 24467, 100, 93, 145.00, 1890, 55
2026/09/09 12:33:28.032, 20874, 24467, 100, 93, 145.00, 1882, 56
2026/09/09 12:33:29.033, 20874, 24467, 100, 93, 145.00, 1875, 56
2026/09/09 12:33:30.033, 20874, 24467, 100, 93, 144.99, 1875, 57
2026/09/09 12:33:31.033, 20874, 24467, 100, 93, 145.00, 1860, 57
2026/09/09 12:33:32.034, 20874, 24467, 100, 93, 145.00, 1860, 58
2026/09/09 12:33:33.034, 20874, 24467, 100, 93, 145.01, 1852, 58
2026/09/09 12:33:34.034, 20874, 24467, 100, 93, 145.00, 1852, 59
2026/09/09 12:33:35.035, 20874, 24467, 100, 93, 145.00, 1845, 59
2026/09/09 12:33:36.035, 20874, 24467, 100, 93, 144.99, 1837, 59
2026/09/09 12:33:37.036, 20874, 24467, 100, 93, 145.00, 1837, 60
2026/09/09 12:33:38.036, 20874, 24467, 100, 93, 144.99, 1837, 60
2026/09/09 12:33:39.036, 20874, 24467, 100, 93, 145.01, 1830, 60
2026/09/09 12:33:40.037, 20874, 24467, 100, 93, 144.99, 1830, 60
2026/09/09 12:33:41.037, 20874, 24467, 100, 93, 145.01, 1822, 61
2026/09/09 12:33:42.037, 20874, 24467, 100, 93, 145.00, 1815, 61
2026/09/09 12:33:43.038, 20874, 24467, 100, 93, 144.98, 1717, 61
2026/09/09 12:33:44.038, 20874, 24467, 100, 64, 145.01, 1807, 61
2026/09/09 12:33:45.038, 20874, 24467, 100, 93, 144.99, 1815, 62
2026/09/09 12:33:46.039, 20874, 24467, 100, 93, 145.01, 1807, 61
2026/09/09 12:33:47.039, 20874, 24467, 100, 93, 145.00, 1807, 62
2026/09/09 12:33:48.039, 20874, 24467, 100, 93, 145.01, 1807, 62
2026/09/09 12:33:49.040, 20874, 24467, 100, 93, 145.00, 1807, 62
2026/09/09 12:33:50.040, 20874, 24467, 100, 93, 144.99, 1807, 63
2026/09/09 12:33:51.041, 20874, 24467, 100, 93, 144.99, 1800, 63
2026/09/09 12:33:52.041, 20874, 24467, 100, 93, 145.00, 1800, 63
2026/09/09 12:33:53.041, 20874, 24467, 100, 93, 145.00, 1800, 63
2026/09/09 12:33:54.042, 20874, 24467, 100, 93, 145.00, 1800, 63
2026/09/09 12:33:55.042, 20874, 24467, 100, 93, 145.00, 1792, 63
2026/09/09 12:33:56.042, 20874, 24467, 100, 93, 145.00, 1792, 63
2026/09/09 12:33:57.043, 20874, 24467, 100, 93, 144.99, 1800, 63
2026/09/09 12:33:58.043, 20874, 24467, 100, 93, 145.01, 1792, 63
2026/09/09 12:33:59.043, 20874, 24467, 100, 93, 144.99, 1807, 64
2026/09/09 12:34:00.044, 20874, 24467, 100, 94, 145.01, 1950, 64
2026/09/09 12:34:01.044, 20874, 24467, 100, 94, 145.00, 1950, 64
2026/09/09 12:34:02.044, 20874, 24467, 100, 94, 145.01, 1942, 64
2026/09/09 12:34:03.045, 20874, 24467, 100, 94, 144.99, 1950, 64
2026/09/09 12:34:04.045, 20874, 24467, 0, 0, 80.02, 2475, 59
2026/09/09 12:34:05.045, 20874, 24467, 0, 0, 43.72, 2467, 59
2026/09/09 12:34:06.046, 20874, 24467, 0, 0, 39.44, 2047, 57
2026/09/09 12:34:07.046, 20874, 24467, 0, 0, 35.88, 2047, 56
2026/09/09 12:34:08.047, 20874, 24467, 0, 0, 32.33, 2047, 55
2026/09/09 12:34:09.047, 20874, 24467, 0, 0, 32.21, 2047, 55
2026/09/09 12:34:10.047, 20874, 24467, 0, 0, 32.03, 2047, 54
2026/09/09 12:34:11.048, 20874, 24467, 0, 0, 32.07, 2047, 53
2026/09/09 12:34:12.048, 20874, 24467, 0, 0, 31.79, 2047, 53
2026/09/09 12:34:13.048, 20874, 24467, 0, 0, 31.72, 2047, 52
2026/09/09 12:34:14.049, 20874, 24467, 0, 0, 31.49, 2047, 52
2026/09/09 12:34:15.049, 20874, 24467, 0, 0, 31.24, 2047, 51
2026/09/09 12:34:16.050, 20874, 24467, 0, 0, 31.13, 2047, 51
2026/09/09 12:34:17.050, 20874, 24467, 0, 0, 30.91, 2047, 50
2026/09/09 12:34:18.050, 20874, 24467, 0, 0, 30.87, 2047, 50
2026/09/09 12:34:19.051, 20874, 24467, 0, 0, 30.72, 2047, 49
2026/09/09 12:34:20.051, 20874, 24467, 0, 0, 30.52, 2047, 49
2026/09/09 12:34:21.051, 20874, 24467, 0, 0, 27.68, 397, 48
2026/09/09 12:34:22.052, 20874, 24467, 0, 0, 23.05, 247, 47
2026/09/09 12:34:23.052, 20874, 24467, 0, 0, 9.10, 180, 47
2026/09/09 12:34:24.052, 20874, 24467, 0, 0, 5.08, 180, 46
2026/09/09 12:34:25.053, 20874, 24467, 0, 0, 5.48, 180, 46
2026/09/09 12:34:26.053, 20874, 24467, 0, 0, 5.42, 180, 45
2026/09/09 12:34:27.053, 20874, 24467, 0, 0, 37.55, 1725, 52
2026/09/09 12:34:28.054, 20874, 24467, 100, 88, 145.57, 1762, 53
2026/09/09 12:34:29.054, 20874, 24467, 100, 93, 144.99, 1755, 53
2026/09/09 12:34:30.054, 20874, 24467, 100, 93, 145.00, 1755, 54
2026/09/09 12:34:31.055, 20874, 24467, 100, 93, 145.00, 1762, 55
2026/09/09 12:34:32.055, 20874, 24467, 100, 93, 145.01, 1755, 55
2026/09/09 12:34:33.055, 20874, 24467, 100, 93, 144.99, 1755, 56
2026/09/09 12:34:34.056, 20874, 24467, 100, 93, 145.00, 1755, 57
2026/09/09 12:34:35.056, 20874, 24467, 100, 93, 145.00, 1747, 57
2026/09/09 12:34:36.056, 20874, 24467, 100, 93, 144.99, 1755, 57
2026/09/09 12:34:37.057, 20874, 24467, 100, 93, 145.00, 1755, 58
2026/09/09 12:34:38.057, 20874, 24467, 100, 93, 145.00, 1755, 58
2026/09/09 12:34:39.058, 20874, 24467, 100, 93, 145.00, 1755, 59
2026/09/09 12:34:40.058, 20874, 24467, 100, 93, 145.00, 1755, 59
2026/09/09 12:34:41.058, 20874, 24467, 100, 93, 145.00, 1747, 59
2026/09/09 12:34:42.059, 20874, 24467, 100, 93, 145.00, 1755, 60
2026/09/09 12:34:43.059, 20874, 24467, 100, 93, 145.00, 1747, 60
2026/09/09 12:34:44.059, 20874, 24467, 100, 93, 145.00, 1755, 60
2026/09/09 12:34:45.060, 20874, 24467, 100, 93, 145.00, 1747, 60
2026/09/09 12:34:46.060, 20874, 24467, 100, 93, 144.99, 1747, 61
2026/09/09 12:34:47.060, 20874, 24467, 100, 93, 145.00, 1747, 61
2026/09/09 12:34:48.061, 20874, 24467, 100, 93, 145.00, 1747, 61
2026/09/09 12:34:49.061, 20874, 24467, 100, 93, 145.00, 1762, 61
2026/09/09 12:34:50.061, 20874, 24467, 100, 93, 144.99, 1770, 62
2026/09/09 12:34:51.062, 20874, 24467, 100, 93, 144.99, 1770, 62
2026/09/09 12:34:52.062, 20874, 24467, 100, 93, 144.99, 1777, 62
2026/09/09 12:34:53.063, 20874, 24467, 100, 93, 145.00, 1762, 62
2026/09/09 12:34:54.063, 20874, 24467, 100, 94, 145.00, 1762, 62
2026/09/09 12:34:55.063, 20874, 24467, 100, 93, 145.00, 1755, 63
2026/09/09 12:34:56.064, 20874, 24467, 100, 93, 145.00, 1762, 63
2026/09/09 12:34:57.064, 20874, 24467, 100, 94, 145.00, 1770, 63
2026/09/09 12:34:58.064, 20874, 24467, 100, 94, 144.98, 1762, 63
2026/09/09 12:34:59.065, 20874, 24467, 100, 94, 144.99, 1747, 63
2026/09/09 12:35:00.065, 20874, 24467, 100, 71, 145.01, 1665, 65
2026/09/09 12:35:01.065, 20874, 24467, 100, 70, 145.00, 1680, 65
2026/09/09 12:35:02.066, 20874, 24467, 100, 69, 145.00, 1687, 65
2026/09/09 12:35:03.066, 20874, 24467, 100, 67, 144.99, 1650, 66
2026/09/09 12:35:04.066, 20874, 24467, 100, 65, 145.00, 1672, 66
2026/09/09 12:35:05.067, 20874, 24467, 100, 57, 144.99, 1695, 66
2026/09/09 12:35:06.067, 20874, 24467, 100, 54, 145.00, 1695, 66
2026/09/09 12:35:07.067, 20874, 24467, 100, 52, 144.99, 1695, 66
2026/09/09 12:35:08.068, 20874, 24467, 100, 53, 145.00, 1695, 67
2026/09/09 12:35:09.068, 20874, 24467, 100, 55, 145.00, 1695, 67
2026/09/09 12:35:10.069, 20874, 24467, 100, 54, 145.01, 1695, 67
2026/09/09 12:35:11.069, 20874, 24467, 100, 55, 145.01, 1687, 67
2026/09/09 12:35:12.069, 20874, 24467, 100, 55, 144.99, 1687, 67
2026/09/09 12:35:13.070, 20874, 24467, 100, 59, 145.00, 1672, 67
2026/09/09 12:35:14.070, 20874, 24467, 100, 57, 145.00, 1680, 67
2026/09/09 12:35:15.070, 20874, 24467, 100, 58, 144.99, 1672, 67
2026/09/09 12:35:16.071, 20874, 24467, 100, 61, 145.01, 1672, 67
2026/09/09 12:35:17.071, 20874, 24467, 100, 63, 145.00, 1657, 67
2026/09/09 12:35:18.071, 20874, 24467, 100, 63, 144.99, 1657, 67
2026/09/09 12:35:19.072, 20874, 24467, 100, 63, 145.02, 1650, 67
2026/09/09 12:35:20.072, 20874, 24467, 100, 64, 144.99, 1657, 67
2026/09/09 12:35:21.073, 20874, 24467, 100, 66, 144.99, 1650, 67
2026/09/09 12:35:22.073, 20874, 24467, 100, 67, 145.01, 1650, 67
2026/09/09 12:35:23.073, 20874, 24467, 100, 64, 144.99, 1657, 67
2026/09/09 12:35:24.073, 20874, 24467, 100, 64, 145.00, 1665, 67
2026/09/09 12:35:25.074, 20874, 24467, 100, 67, 145.00, 1650, 67
2026/09/09 12:35:26.074, 20874, 24467, 100, 69, 145.00, 1650, 67
2026/09/09 12:35:27.074, 20874, 24467, 100, 68, 145.00, 1642, 67
2026/09/09 12:35:28.075, 20874, 24467, 100, 67, 144.99, 1672, 67
2026/09/09 12:35:29.075, 20874, 24467, 100, 68, 144.99, 1657, 67
2026/09/09 12:35:30.076, 20874, 24467, 100, 69, 145.00, 1650, 67
2026/09/09 12:35:31.076, 20874, 24467, 100, 68, 145.00, 1650, 67
2026/09/09 12:35:32.076, 20874, 24467, 100, 69, 144.99, 1680, 67
2026/09/09 12:35:33.077, 20874, 24467, 100, 70, 145.00, 1650, 67
2026/09/09 12:35:34.077, 20874, 24467, 100, 69, 144.99, 1650, 67
2026/09/09 12:35:35.077, 20874, 24467, 100, 70, 144.99, 1665, 67
2026/09/09 12:35:36.078, 20874, 24467, 100, 71, 145.00, 1695, 68
2026/09/09 12:35:37.078, 20874, 24467, 100, 70, 145.00, 1635, 67
2026/09/09 12:35:38.078, 20874, 24467, 100, 70, 145.00, 1657, 67
2026/09/09 12:35:39.078, 20874, 24467, 100, 71, 145.00, 1687, 67
2026/09/09 12:35:40.079, 20874, 24467, 100, 71, 144.99, 1635, 67
2026/09/09 12:35:41.079, 20874, 24467, 100, 94, 144.99, 1860, 66
2026/09/09 12:35:42.080, 20874, 24467, 100, 94, 144.99, 1852, 66
2026/09/09 12:35:43.080, 20874, 24467, 100, 94, 145.00, 1852, 66
2026/09/09 12:35:44.080, 20874, 24467, 100, 94, 145.00, 1860, 66
2026/09/09 12:35:45.080, 20874, 24467, 100, 94, 144.99, 1852, 66
2026/09/09 12:35:46.081, 20874, 24467, 100, 94, 145.00, 1852, 66
2026/09/09 12:35:47.081, 20874, 24467, 100, 94, 144.99, 1860, 66
2026/09/09 12:35:48.081, 20874, 24467, 100, 94, 145.01, 1852, 66
2026/09/09 12:35:49.082, 20874, 24467, 100, 94, 145.00, 1852, 65
2026/09/09 12:35:50.082, 20874, 24467, 100, 94, 144.99, 1852, 66
2026/09/09 12:35:51.082, 20874, 24467, 100, 94, 144.99, 1852, 65
2026/09/09 12:35:52.083, 20874, 24467, 100, 94, 145.01, 1852, 66
2026/09/09 12:35:53.083, 20874, 24467, 100, 94, 144.99, 1852, 66
2026/09/09 12:35:54.083, 20874, 24467, 100, 94, 144.99, 1852, 66
2026/09/09 12:35:55.084, 20874, 24467, 100, 94, 144.99, 1852, 66
2026/09/09 12:35:56.084, 20874, 24467, 100, 94, 144.99, 1852, 66
2026/09/09 12:35:57.084, 20874, 24467, 100, 94, 145.00, 1845, 66
2026/09/09 12:35:58.085, 20874, 24467, 100, 94, 144.99, 1852, 66
2026/09/09 12:35:59.085, 20874, 24467, 100, 94, 145.00, 1852, 66
2026/09/09 12:36:00.085, 20874, 24467, 100, 94, 145.00, 1852, 66
2026/09/09 12:36:01.086, 20874, 24467, 100, 94, 145.01, 1852, 66
2026/09/09 12:36:02.086, 20874, 24467, 100, 94, 144.99, 1852, 66
2026/09/09 12:36:03.086, 20874, 24467, 100, 94, 145.00, 1852, 66
2026/09/09 12:36:04.087, 20874, 24467, 100, 94, 145.00, 1852, 66
2026/09/09 12:36:05.087, 20874, 24467, 100, 94, 145.00, 1852, 66
2026/09/09 12:36:06.088, 20874, 24467, 100, 94, 145.00, 1852, 66
2026/09/09 12:36:07.088, 20874, 24467, 100, 94, 144.99, 1852, 66
2026/09/09 12:36:08.088, 20874, 24467, 100, 94, 145.01, 1852, 66
2026/09/09 12:36:09.089, 20874, 24467, 100, 94, 144.99, 1852, 66
2026/09/09 12:36:10.089, 20874, 24467, 100, 94, 145.00, 1882, 66
2026/09/09 12:36:11.089, 20874, 24467, 100, 94, 144.94, 2205, 66
2026/09/09 12:36:12.090, 20874, 24467, 0, 0, 56.05, 2467, 61
2026/09/09 12:36:13.090, 20874, 24467, 0, 0, 44.59, 2467, 60
2026/09/09 12:36:14.090, 20874, 24467, 0, 0, 38.82, 2047, 59
2026/09/09 12:36:15.091, 20874, 24467, 0, 0, 33.26, 2047, 58
2026/09/09 12:36:16.091, 20874, 24467, 0, 0, 33.15, 2047, 57
2026/09/09 12:36:17.091, 20874, 24467, 0, 0, 33.02, 2047, 56
2026/09/09 12:36:18.092, 20874, 24467, 0, 0, 32.70, 2047, 56
2026/09/09 12:36:19.092, 20874, 24467, 0, 0, 32.50, 2047, 55
2026/09/09 12:36:20.092, 20874, 24467, 0, 0, 32.18, 2047, 54
2026/09/09 12:36:21.093, 20874, 24467, 0, 0, 32.05, 2047, 54
2026/09/09 12:36:22.093, 20874, 24467, 0, 0, 31.95, 2047, 53
2026/09/09 12:36:23.093, 20874, 24467, 0, 0, 31.79, 2047, 53
2026/09/09 12:36:24.094, 20874, 24467, 0, 0, 31.54, 2047, 52
2026/09/09 12:36:25.094, 20874, 24467, 0, 0, 31.45, 2047, 52
2026/09/09 12:36:26.094, 20874, 24467, 0, 0, 31.18, 2047, 51
2026/09/09 12:36:27.095, 20874, 24467, 0, 0, 31.16, 2047, 51
2026/09/09 12:36:28.095, 20874, 24467, 0, 0, 31.13, 2047, 50
2026/09/09 12:36:29.095, 20874, 24467, 0, 0, 29.26, 1447, 49
2026/09/09 12:36:30.096, 20874, 24467, 0, 0, 23.83, 285, 49
2026/09/09 12:36:31.096, 20874, 24467, 0, 0, 9.54, 180, 48
2026/09/09 12:36:32.096, 20874, 24467, 0, 0, 7.44, 180, 47
2026/09/09 12:36:33.097, 20874, 24467, 0, 0, 6.04, 180, 47
2026/09/09 12:36:34.097, 20874, 24467, 0, 0, 6.01, 180, 46
2026/09/09 12:36:35.097, 20874, 24467, 0, 0, 6.53, 180, 46
2026/09/09 12:36:36.098, 20874, 24467, 0, 0, 39.05, 1680, 54
2026/09/09 12:36:37.098, 20874, 24467, 100, 52, 145.23, 1642, 55
2026/09/09 12:36:38.098, 20874, 24467, 100, 54, 145.01, 1642, 56
2026/09/09 12:36:39.099, 20874, 24467, 100, 52, 145.01, 1635, 58
2026/09/09 12:36:40.099, 20874, 24467, 100, 55, 145.01, 1635, 58
2026/09/09 12:36:41.099, 20874, 24467, 100, 56, 144.99, 1635, 59
2026/09/09 12:36:42.100, 20874, 24467, 100, 54, 145.01, 1627, 59
2026/09/09 12:36:43.100, 20874, 24467, 100, 50, 145.00, 1627, 60
2026/09/09 12:36:44.101, 20874, 24467, 100, 50, 145.01, 1620, 60
2026/09/09 12:36:45.101, 20874, 24467, 100, 52, 145.00, 1627, 61
2026/09/09 12:36:46.101, 20874, 24467, 100, 53, 145.01, 1620, 61
2026/09/09 12:36:47.102, 20874, 24467, 100, 56, 145.00, 1620, 61
2026/09/09 12:36:48.102, 20874, 24467, 100, 57, 145.01, 1612, 62
2026/09/09 12:36:49.102, 20874, 24467, 100, 53, 145.00, 1612, 62
2026/09/09 12:36:50.103, 20874, 24467, 100, 54, 145.00, 1597, 63
2026/09/09 12:36:51.103, 20874, 24467, 100, 57, 144.99, 1605, 62
2026/09/09 12:36:52.103, 20874, 24467, 100, 59, 145.00, 1597, 63
2026/09/09 12:36:53.104, 20874, 24467, 100, 59, 145.00, 1590, 63
2026/09/09 12:36:54.104, 20874, 24467, 100, 58, 145.00, 1680, 64
2026/09/09 12:36:55.104, 20874, 24467, 100, 62, 145.00, 1672, 63
2026/09/09 12:36:56.105, 20874, 24467, 100, 65, 145.00, 1665, 64
2026/09/09 12:36:57.105, 20874, 24467, 100, 66, 145.00, 1657, 64
2026/09/09 12:36:58.106, 20874, 24467, 100, 65, 144.99, 1672, 64
2026/09/09 12:36:59.106, 20874, 24467, 100, 66, 145.00, 1672, 64
2026/09/09 12:37:00.106, 20874, 24467, 100, 66, 145.00, 1665, 64
2026/09/09 12:37:01.106, 20874, 24467, 100, 67, 144.99, 1657, 64
2026/09/09 12:37:02.107, 20874, 24467, 100, 67, 145.00, 1665, 64
2026/09/09 12:37:03.107, 20874, 24467, 100, 63, 144.99, 1680, 64
2026/09/09 12:37:04.108, 20874, 24467, 100, 68, 145.00, 1665, 65
2026/09/09 12:37:05.108, 20874, 24467, 100, 68, 145.00, 1665, 65
2026/09/09 12:37:06.108, 20874, 24467, 100, 69, 144.99, 1657, 65
2026/09/09 12:37:07.109, 20874, 24467, 100, 68, 145.00, 1680, 65
2026/09/09 12:37:08.109, 20874, 24467, 100, 70, 145.00, 1665, 65
2026/09/09 12:37:09.109, 20874, 24467, 100, 70, 145.01, 1657, 65
2026/09/09 12:37:10.110, 20874, 24467, 100, 70, 145.00, 1665, 65
2026/09/09 12:37:11.110, 20874, 24467, 100, 71, 145.00, 1687, 65
2026/09/09 12:37:12.110, 20874, 24467, 100, 70, 144.99, 1650, 65
2026/09/09 12:37:13.111, 20874, 24467, 100, 70, 144.99, 1657, 65
2026/09/09 12:37:14.111, 20874, 24467, 100, 71, 145.00, 1687, 66
2026/09/09 12:37:15.111, 20874, 24467, 100, 71, 144.99, 1665, 66
2026/09/09 12:37:16.112, 20874, 24467, 100, 71, 145.00, 1657, 66
2026/09/09 12:37:17.112, 20874, 24467, 100, 70, 145.00, 1680, 66
2026/09/09 12:37:18.112, 20874, 24467, 100, 72, 145.00, 1702, 66
2026/09/09 12:37:19.113, 20874, 24467, 100, 73, 145.00, 1650, 66
2026/09/09 12:37:20.113, 20874, 24467, 100, 70, 145.00, 1672, 66
2026/09/09 12:37:21.114, 20874, 24467, 100, 72, 145.00, 1702, 65
2026/09/09 12:37:22.114, 20874, 24467, 100, 73, 144.99, 1650, 67
2026/09/09 12:37:23.114, 20874, 24467, 100, 71, 145.00, 1680, 66
2026/09/09 12:37:24.115, 20874, 24467, 100, 73, 145.01, 1687, 66
2026/09/09 12:37:25.115, 20874, 24467, 100, 72, 144.99, 1650, 66
2026/09/09 12:37:26.115, 20874, 24467, 100, 72, 144.99, 1680, 66
2026/09/09 12:37:27.116, 20874, 24467, 100, 74, 145.01, 1687, 66
2026/09/09 12:37:28.116, 20874, 24467, 100, 73, 145.00, 1657, 66
2026/09/09 12:37:29.117, 20874, 24467, 100, 82, 145.00, 1905, 65
2026/09/09 12:37:30.117, 20874, 24467, 100, 88, 144.99, 1912, 65
2026/09/09 12:37:31.117, 20874, 24467, 100, 87, 144.99, 1912, 65
2026/09/09 12:37:32.118, 20874, 24467, 100, 88, 145.00, 1912, 65
2026/09/09 12:37:33.118, 20874, 24467, 100, 87, 145.00, 1912, 65
2026/09/09 12:37:34.118, 20874, 24467, 100, 87, 145.00, 1912, 65
2026/09/09 12:37:35.119, 20874, 24467, 100, 87, 144.99, 1920, 65
2026/09/09 12:37:36.119, 20874, 24467, 100, 87, 144.99, 1912, 65
2026/09/09 12:37:37.120, 20874, 24467, 100, 87, 144.98, 1920, 65
2026/09/09 12:37:38.120, 20874, 24467, 100, 87, 145.01, 1927, 65
2026/09/09 12:37:39.120, 20874, 24467, 100, 87, 145.00, 1927, 65
2026/09/09 12:37:40.121, 20874, 24467, 100, 87, 145.00, 1927, 65
2026/09/09 12:37:41.121, 20874, 24467, 100, 87, 145.02, 1920, 66
2026/09/09 12:37:42.121, 20874, 24467, 100, 87, 144.99, 1927, 66
2026/09/09 12:37:43.122, 20874, 24467, 100, 87, 145.00, 1927, 66
2026/09/09 12:37:44.122, 20874, 24467, 100, 86, 145.02, 1935, 66
2026/09/09 12:37:45.122, 20874, 24467, 100, 86, 145.00, 1927, 66
2026/09/09 12:37:46.123, 20874, 24467, 100, 86, 145.00, 1927, 66
2026/09/09 12:37:47.123, 20874, 24467, 100, 86, 145.01, 1927, 66
2026/09/09 12:37:48.123, 20874, 24467, 100, 87, 144.99, 1927, 66
2026/09/09 12:37:49.124, 20874, 24467, 100, 86, 145.02, 1927, 66
2026/09/09 12:37:50.124, 20874, 24467, 100, 87, 144.98, 1927, 66
2026/09/09 12:37:51.125, 20874, 24467, 100, 84, 144.98, 1942, 66
2026/09/09 12:37:52.125, 20874, 24467, 100, 85, 144.99, 1942, 66
2026/09/09 12:37:53.125, 20874, 24467, 100, 84, 144.99, 1942, 66
2026/09/09 12:37:54.126, 20874, 24467, 100, 85, 144.99, 1942, 66
2026/09/09 12:37:55.126, 20874, 24467, 100, 85, 144.99, 1942, 66
2026/09/09 12:37:56.126, 20874, 24467, 100, 85, 145.00, 1942, 66
2026/09/09 12:37:57.127, 20874, 24467, 100, 85, 144.99, 1942, 66
2026/09/09 12:37:58.127, 20874, 24467, 100, 85, 145.04, 1852, 66
2026/09/09 12:37:59.127, 20874, 24467, 100, 92, 145.00, 1837, 66
2026/09/09 12:38:00.128, 20874, 24467, 100, 92, 145.00, 1837, 66
2026/09/09 12:38:01.128, 20874, 24467, 100, 92, 145.01, 1837, 66
2026/09/09 12:38:02.128, 20874, 24467, 100, 92, 144.99, 1845, 66
2026/09/09 12:38:03.129, 20874, 24467, 100, 92, 144.99, 1837, 66
2026/09/09 12:38:04.129, 20874, 24467, 100, 74, 145.01, 1672, 67
2026/09/09 12:38:05.129, 20874, 24467, 100, 76, 145.00, 1687, 67
2026/09/09 12:38:06.130, 20874, 24467, 100, 73, 144.99, 1657, 68
2026/09/09 12:38:07.130, 20874, 24467, 100, 72, 145.00, 1680, 68
2026/09/09 12:38:08.130, 20874, 24467, 100, 73, 144.99, 1665, 67
2026/09/09 12:38:09.131, 20874, 24467, 100, 73, 145.00, 1680, 68
2026/09/09 12:38:10.131, 20874, 24467, 100, 74, 145.00, 1672, 68
2026/09/09 12:38:11.131, 20874, 24467, 100, 72, 145.00, 1657, 68
2026/09/09 12:38:12.132, 20874, 24467, 100, 72, 145.00, 1687, 67
2026/09/09 12:38:13.132, 20874, 24467, 100, 74, 144.99, 1650, 68
2026/09/09 12:38:14.132, 20874, 24467, 100, 72, 144.99, 1665, 68
2026/09/09 12:38:15.133, 20874, 24467, 100, 73, 145.00, 1695, 67
2026/09/09 12:38:16.133, 20874, 24467, 100, 74, 144.99, 1635, 67
2026/09/09 12:38:17.133, 20874, 24467, 100, 72, 145.00, 1665, 67
2026/09/09 12:38:18.134, 20874, 24467, 100, 72, 145.00, 1687, 68
2026/09/09 12:38:19.134, 20874, 24467, 100, 74, 144.99, 1642, 68
2026/09/09 12:38:20.134, 20874, 24467, 100, 71, 145.00, 1665, 67
2026/09/09 12:38:21.135, 20874, 24467, 100, 73, 145.00, 1680, 68
2026/09/09 12:38:22.135, 20874, 24467, 100, 73, 145.00, 1642, 67
2026/09/09 12:38:23.135, 20874, 24467, 100, 71, 144.99, 1672, 68
2026/09/09 12:38:24.136, 20874, 24467, 100, 73, 145.00, 1672, 67
2026/09/09 12:38:25.136, 20874, 24467, 100, 71, 144.99, 1642, 68
2026/09/09 12:38:26.137, 20874, 24467, 100, 72, 145.00, 1672, 68
2026/09/09 12:38:27.137, 20874, 24467, 100, 73, 144.99, 1672, 67
2026/09/09 12:38:28.137, 20874, 24467, 100, 71, 145.00, 1650, 67
2026/09/09 12:38:29.138, 20874, 24467, 100, 71, 144.99, 1672, 68
2026/09/09 12:38:30.138, 20874, 24467, 100, 71, 145.00, 1665, 68
2026/09/09 12:38:31.138, 20874, 24467, 100, 73, 145.00, 1642, 68
2026/09/09 12:38:32.139, 20874, 24467, 100, 73, 145.00, 1680, 68
2026/09/09 12:38:33.139, 20874, 24467, 100, 72, 144.99, 1657, 67
2026/09/09 12:38:34.139, 20874, 24467, 100, 73, 144.99, 1650, 68
2026/09/09 12:38:35.140, 20874, 24467, 100, 73, 144.99, 1680, 67
2026/09/09 12:38:36.140, 20874, 24467, 100, 71, 145.01, 1642, 67
2026/09/09 12:38:37.141, 20874, 24467, 100, 73, 144.99, 1650, 68
2026/09/09 12:38:38.141, 20874, 24467, 100, 73, 145.00, 1680, 68
2026/09/09 12:38:39.142, 20874, 24467, 100, 73, 144.99, 1642, 68
2026/09/09 12:38:40.143, 20874, 24467, 100, 72, 145.00, 1657, 68
2026/09/09 12:38:41.143, 20874, 24467, 100, 72, 145.00, 1680, 68
2026/09/09 12:38:42.143, 20874, 24467, 100, 73, 144.99, 1650, 68
2026/09/09 12:38:43.144, 20874, 24467, 100, 73, 145.00, 1657, 68
2026/09/09 12:38:44.144, 20874, 24467, 100, 72, 145.00, 1680, 68
2026/09/09 12:38:45.144, 20874, 24467, 100, 71, 144.99, 1650, 68
2026/09/09 12:38:46.145, 20874, 24467, 100, 72, 145.00, 1650, 68
2026/09/09 12:38:47.145, 20874, 24467, 100, 70, 145.00, 1680, 68
2026/09/09 12:38:48.145, 20874, 24467, 100, 71, 144.99, 1672, 68
2026/09/09 12:38:49.146, 20874, 24467, 100, 71, 145.00, 1650, 68
2026/09/09 12:38:50.146, 20874, 24467, 100, 70, 144.99, 1680, 67
2026/09/09 12:38:51.146, 20874, 24467, 100, 72, 145.00, 1680, 67
2026/09/09 12:38:52.147, 20874, 24467, 100, 72, 145.00, 1642, 68
2026/09/09 12:38:53.149, 20874, 24467, 100, 73, 144.99, 1672, 68
2026/09/09 12:38:54.149, 20874, 24467, 100, 71, 145.00, 1672, 68
2026/09/09 12:38:55.149, 20874, 24467, 100, 71, 145.01, 1642, 67
2026/09/09 12:38:56.150, 20874, 24467, 100, 71, 144.99, 1672, 68
2026/09/09 12:38:57.150, 20874, 24467, 100, 73, 144.99, 1665, 68
2026/09/09 12:38:58.150, 20874, 24467, 100, 72, 145.00, 1650, 68
2026/09/09 12:38:59.151, 20874, 24467, 100, 72, 145.00, 1680, 68
2026/09/09 12:39:00.151, 20874, 24467, 100, 73, 144.99, 1657, 68
2026/09/09 12:39:01.151, 20874, 24467, 100, 72, 145.00, 1657, 67
2026/09/09 12:39:02.152, 20874, 24467, 100, 74, 144.99, 1687, 68
2026/09/09 12:39:03.152, 20874, 24467, 100, 74, 144.99, 1657, 68
2026/09/09 12:39:04.152, 20874, 24467, 100, 72, 145.00, 1665, 68
2026/09/09 12:39:05.153, 20874, 24467, 100, 76, 144.99, 1905, 67
2026/09/09 12:39:06.153, 20874, 24467, 100, 87, 145.00, 1912, 67
2026/09/09 12:39:07.156, 20874, 24467, 100, 87, 145.00, 1905, 67
2026/09/09 12:39:08.156, 20874, 24467, 100, 87, 145.00, 1905, 67
2026/09/09 12:39:09.159, 20874, 24467, 100, 87, 144.99, 1912, 67
2026/09/09 12:39:10.159, 20874, 24467, 100, 87, 144.99, 1912, 66
2026/09/09 12:39:11.159, 20874, 24467, 100, 71, 145.01, 1650, 68
2026/09/09 12:39:12.160, 20874, 24467, 100, 82, 144.99, 1905, 67
2026/09/09 12:39:13.160, 20874, 24467, 100, 87, 144.99, 1920, 67
2026/09/09 12:39:14.160, 20874, 24467, 100, 87, 144.99, 1920, 67
2026/09/09 12:39:15.161, 20874, 24467, 100, 87, 144.99, 1920, 67
2026/09/09 12:39:16.161, 20874, 24467, 100, 86, 145.02, 1920, 67
2026/09/09 12:39:17.161, 20874, 24467, 100, 87, 144.99, 1920, 67
2026/09/09 12:39:18.162, 20874, 24467, 100, 87, 145.00, 1920, 67
2026/09/09 12:39:19.162, 20874, 24467, 100, 87, 145.01, 1852, 67
2026/09/09 12:39:20.162, 20874, 24467, 100, 74, 145.01, 1657, 68
2026/09/09 12:39:21.163, 20874, 24467, 100, 87, 144.97, 1920, 67
2026/09/09 12:39:22.163, 20874, 24467, 100, 86, 144.98, 1920, 67
2026/09/09 12:39:23.163, 20874, 24467, 100, 86, 145.01, 1920, 67
2026/09/09 12:39:24.164, 20874, 24467, 100, 86, 144.98, 1927, 67
2026/09/09 12:39:25.164, 20874, 24467, 100, 86, 144.99, 1920, 67
2026/09/09 12:39:26.164, 20874, 24467, 100, 86, 144.98, 1927, 67
2026/09/09 12:39:27.165, 20874, 24467, 100, 86, 145.00, 1927, 67
2026/09/09 12:39:28.165, 20874, 24467, 100, 74, 145.02, 1672, 68
2026/09/09 12:39:29.165, 20874, 24467, 100, 79, 144.98, 1860, 67
2026/09/09 12:39:30.166, 20874, 24467, 100, 87, 144.99, 1920, 67
2026/09/09 12:39:31.166, 20874, 24467, 100, 86, 144.97, 1927, 67
2026/09/09 12:39:32.166, 20874, 24467, 100, 85, 144.99, 1935, 67
2026/09/09 12:39:33.167, 20874, 24467, 100, 84, 144.99, 1935, 66
2026/09/09 12:39:34.167, 20874, 24467, 100, 84, 145.01, 1935, 67
2026/09/09 12:39:35.168, 20874, 24467, 100, 85, 144.99, 1935, 67
2026/09/09 12:39:36.168, 20874, 24467, 100, 86, 145.05, 1665, 68
2026/09/09 12:39:37.168, 20874, 24467, 100, 75, 144.96, 1935, 67
2026/09/09 12:39:38.169, 20874, 24467, 100, 85, 145.00, 1935, 67
2026/09/09 12:39:39.169, 20874, 24467, 100, 85, 145.00, 1935, 67
2026/09/09 12:39:40.169, 20874, 24467, 100, 85, 145.03, 1912, 67
2026/09/09 12:39:41.170, 20874, 24467, 100, 92, 145.04, 1837, 67
2026/09/09 12:39:42.170, 20874, 24467, 100, 92, 145.00, 1837, 67
2026/09/09 12:39:43.170, 20874, 24467, 100, 92, 145.00, 1747, 67
2026/09/09 12:39:44.171, 20874, 24467, 100, 81, 144.99, 1830, 67
2026/09/09 12:39:45.171, 20874, 24467, 100, 92, 145.00, 1837, 67
2026/09/09 12:39:46.171, 20874, 24467, 100, 92, 145.00, 1800, 68
2026/09/09 12:39:47.172, 20874, 24467, 100, 74, 145.00, 1665, 68
2026/09/09 12:39:48.172, 20874, 24467, 100, 71, 144.99, 1680, 68
2026/09/09 12:39:49.172, 20874, 24467, 100, 74, 145.00, 1650, 67
2026/09/09 12:39:50.173, 20874, 24467, 100, 71, 145.00, 1672, 68
2026/09/09 12:39:51.173, 20874, 24467, 100, 72, 145.00, 1680, 68
2026/09/09 12:39:52.173, 20874, 24467, 100, 72, 144.99, 1642, 68
2026/09/09 12:39:53.174, 20874, 24467, 100, 71, 144.99, 1672, 68
2026/09/09 12:39:54.174, 20874, 24467, 100, 73, 144.99, 1687, 67
2026/09/09 12:39:55.174, 20874, 24467, 100, 72, 145.00, 1642, 68
2026/09/09 12:39:56.175, 20874, 24467, 100, 72, 145.00, 1680, 68
2026/09/09 12:39:57.175, 20874, 24467, 100, 74, 145.00, 1687, 68
2026/09/09 12:39:58.175, 20874, 24467, 100, 72, 145.00, 1650, 68
2026/09/09 12:39:59.176, 20874, 24467, 100, 71, 144.99, 1680, 68
2026/09/09 12:40:00.176, 20874, 24467, 100, 72, 145.00, 1672, 68
2026/09/09 12:40:01.176, 20874, 24467, 100, 72, 144.99, 1657, 68
2026/09/09 12:40:02.177, 20874, 24467, 100, 71, 145.00, 1687, 68
2026/09/09 12:40:03.177, 20874, 24467, 100, 73, 145.01, 1672, 68
2026/09/09 12:40:04.177, 20874, 24467, 100, 73, 145.00, 1657, 68
2026/09/09 12:40:05.178, 20874, 24467, 100, 71, 144.99, 1680, 68
2026/09/09 12:40:06.178, 20874, 24467, 100, 72, 145.00, 1665, 68
2026/09/09 12:40:07.178, 20874, 24467, 100, 71, 145.00, 1665, 68
2026/09/09 12:40:08.179, 20874, 24467, 100, 72, 145.00, 1680, 68
2026/09/09 12:40:09.179, 20874, 24467, 100, 71, 144.99, 1657, 68
2026/09/09 12:40:10.180, 20874, 24467, 100, 72, 144.99, 1665, 68
2026/09/09 12:40:11.180, 20874, 24467, 100, 71, 144.99, 1687, 68
2026/09/09 12:40:12.180, 20874, 24467, 100, 72, 145.00, 1650, 68
2026/09/09 12:40:13.181, 20874, 24467, 100, 71, 145.00, 1665, 68
2026/09/09 12:40:14.181, 20874, 24467, 100, 73, 144.99, 1687, 68
2026/09/09 12:40:15.181, 20874, 24467, 100, 72, 144.99, 1650, 68
2026/09/09 12:40:16.182, 20874, 24467, 100, 71, 145.00, 1672, 68
2026/09/09 12:40:17.182, 20874, 24467, 100, 73, 144.99, 1687, 68
2026/09/09 12:40:18.182, 20874, 24467, 100, 72, 145.00, 1642, 68
2026/09/09 12:40:19.183, 20874, 24467, 100, 91, 144.98, 1875, 67
2026/09/09 12:40:20.183, 20874, 24467, 100, 92, 145.00, 1867, 67
2026/09/09 12:40:21.183, 20874, 24467, 100, 92, 144.99, 1875, 67
2026/09/09 12:40:22.184, 20874, 24467, 100, 92, 145.00, 1867, 67
2026/09/09 12:40:23.184, 20874, 24467, 100, 92, 144.99, 1867, 67
2026/09/09 12:40:24.184, 20874, 24467, 100, 92, 145.00, 1875, 67
2026/09/09 12:40:25.185, 20874, 24467, 100, 91, 144.98, 1875, 66
2026/09/09 12:40:26.185, 20874, 24467, 100, 91, 145.01, 1875, 66
2026/09/09 12:40:27.185, 20874, 24467, 100, 91, 145.00, 1875, 66
2026/09/09 12:40:28.186, 20874, 24467, 100, 91, 145.00, 1875, 66
2026/09/09 12:40:29.186, 20874, 24467, 100, 91, 144.99, 1875, 66
2026/09/09 12:40:30.187, 20874, 24467, 100, 92, 145.00, 1875, 66
2026/09/09 12:40:31.187, 20874, 24467, 100, 92, 144.99, 1875, 66
2026/09/09 12:40:32.187, 20874, 24467, 100, 92, 145.01, 1875, 66
2026/09/09 12:40:33.188, 20874, 24467, 100, 92, 144.98, 1875, 66
2026/09/09 12:40:34.188, 20874, 24467, 100, 92, 145.00, 1882, 66
2026/09/09 12:40:35.188, 20874, 24467, 100, 92, 145.00, 1875, 66
2026/09/09 12:40:36.189, 20874, 24467, 100, 92, 145.00, 1875, 66
2026/09/09 12:40:37.189, 20874, 24467, 100, 92, 144.99, 1875, 67
2026/09/09 12:40:38.189, 20874, 24467, 100, 93, 144.99, 1882, 67
2026/09/09 12:40:39.190, 20874, 24467, 100, 93, 144.99, 1875, 67
2026/09/09 12:40:40.190, 20874, 24467, 100, 93, 145.00, 1875, 67
2026/09/09 12:40:41.191, 20874, 24467, 100, 93, 144.99, 1875, 67
2026/09/09 12:40:42.191, 20874, 24467, 100, 93, 144.99, 1875, 67
2026/09/09 12:40:43.191, 20874, 24467, 100, 94, 144.96, 2167, 66
2026/09/09 12:40:44.192, 20874, 24467, 0, 0, 54.64, 2467, 61
2026/09/09 12:40:45.192, 20874, 24467, 0, 0, 44.48, 2467, 61
2026/09/09 12:40:46.192, 20874, 24467, 0, 0, 40.01, 2100, 59
2026/09/09 12:40:47.193, 20874, 24467, 0, 0, 33.12, 2047, 58
2026/09/09 12:40:48.193, 20874, 24467, 0, 0, 32.84, 2047, 58
2026/09/09 12:40:49.193, 20874, 24467, 0, 0, 32.61, 2047, 57
2026/09/09 12:40:50.194, 20874, 24467, 0, 0, 32.28, 2047, 56
2026/09/09 12:40:51.194, 20874, 24467, 0, 0, 32.16, 2047, 55
2026/09/09 12:40:52.194, 20874, 24467, 0, 0, 31.95, 2047, 55
2026/09/09 12:40:53.195, 20874, 24467, 0, 0, 31.71, 2047, 54
2026/09/09 12:40:54.195, 20874, 24467, 0, 0, 31.56, 2047, 54
2026/09/09 12:40:55.196, 20874, 24467, 0, 0, 31.39, 2047, 53
2026/09/09 12:40:56.196, 20874, 24467, 0, 0, 31.27, 2047, 53
2026/09/09 12:40:57.196, 20874, 24467, 0, 0, 30.97, 2047, 52
2026/09/09 12:40:58.197, 20874, 24467, 0, 0, 30.96, 2047, 52
2026/09/09 12:40:59.197, 20874, 24467, 0, 0, 30.93, 2047, 51
2026/09/09 12:41:00.197, 20874, 24467, 0, 0, 30.74, 2047, 51
2026/09/09 12:41:01.198, 20874, 24467, 0, 0, 28.16, 1605, 50
2026/09/09 12:41:02.198, 20874, 24467, 0, 0, 23.12, 277, 49
2026/09/09 12:41:03.198, 20874, 24467, 0, 0, 12.90, 180, 48
2026/09/09 12:41:04.199, 20874, 24467, 0, 0, 5.12, 180, 48
2026/09/09 12:41:05.199, 20874, 24467, 0, 0, 5.41, 180, 47
2026/09/09 12:41:06.199, 20874, 24467, 0, 0, 5.49, 180, 47
2026/09/09 12:41:07.200, 20874, 24467, 0, 0, 5.04, 180, 47
2026/09/09 12:41:08.200, 20874, 24467, 0, 0, 5.38, 180, 46
2026/09/09 12:41:09.200, 20874, 24467, 0, 0, 5.13, 180, 46
2026/09/09 12:41:10.201, 20874, 24467, 100, 55, 77.17, 1650, 55
2026/09/09 12:41:11.201, 20874, 24467, 100, 55, 145.02, 1635, 56
2026/09/09 12:41:12.202, 20874, 24467, 100, 51, 145.00, 1642, 57
2026/09/09 12:41:13.202, 20874, 24467, 100, 50, 145.00, 1627, 57
2026/09/09 12:41:14.202, 20874, 24467, 100, 50, 145.00, 1635, 58
2026/09/09 12:41:15.203, 20874, 24467, 100, 53, 144.99, 1635, 59
2026/09/09 12:41:16.203, 20874, 24467, 100, 53, 145.00, 1627, 59
2026/09/09 12:41:17.203, 20874, 24467, 100, 54, 145.00, 1635, 60
2026/09/09 12:41:18.204, 20874, 24467, 100, 55, 145.01, 1620, 61
2026/09/09 12:41:19.204, 20874, 24467, 100, 52, 145.00, 1620, 61
2026/09/09 12:41:20.204, 20874, 24467, 100, 51, 145.00, 1612, 61
2026/09/09 12:41:21.205, 20874, 24467, 100, 52, 144.99, 1620, 62
2026/09/09 12:41:22.205, 20874, 24467, 100, 54, 145.01, 1612, 62
2026/09/09 12:41:23.205, 20874, 24467, 100, 56, 144.99, 1612, 62
2026/09/09 12:41:24.206, 20874, 24467, 100, 57, 145.00, 1605, 63
2026/09/09 12:41:25.206, 20874, 24467, 100, 55, 144.99, 1597, 63
2026/09/09 12:41:26.207, 20874, 24467, 100, 56, 145.00, 1597, 63
2026/09/09 12:41:27.207, 20874, 24467, 100, 59, 145.00, 1635, 63
2026/09/09 12:41:28.207, 20874, 24467, 100, 63, 144.99, 1672, 63
2026/09/09 12:41:29.208, 20874, 24467, 100, 62, 145.00, 1665, 63
2026/09/09 12:41:30.208, 20874, 24467, 100, 64, 144.99, 1672, 64
2026/09/09 12:41:31.208, 20874, 24467, 100, 63, 145.00, 1672, 64
2026/09/09 12:41:32.209, 20874, 24467, 100, 66, 144.99, 1657, 64
2026/09/09 12:41:33.209, 20874, 24467, 100, 67, 145.01, 1665, 64
2026/09/09 12:41:34.209, 20874, 24467, 100, 66, 145.00, 1672, 64
2026/09/09 12:41:35.210, 20874, 24467, 100, 65, 144.99, 1665, 65
2026/09/09 12:41:36.210, 20874, 24467, 100, 66, 144.99, 1665, 65
2026/09/09 12:41:37.210, 20874, 24467, 100, 67, 145.01, 1650, 65
2026/09/09 12:41:38.211, 20874, 24467, 100, 67, 144.99, 1672, 65
2026/09/09 12:41:39.211, 20874, 24467, 100, 68, 145.00, 1665, 65
2026/09/09 12:41:40.211, 20874, 24467, 100, 69, 145.00, 1665, 65
2026/09/09 12:41:41.212, 20874, 24467, 100, 68, 145.00, 1650, 65
2026/09/09 12:41:42.212, 20874, 24467, 100, 68, 144.99, 1680, 65
2026/09/09 12:41:43.212, 20874, 24467, 100, 69, 145.00, 1665, 65
2026/09/09 12:41:44.213, 20874, 24467, 100, 70, 145.00, 1657, 66
2026/09/09 12:41:45.213, 20874, 24467, 100, 69, 145.00, 1665, 66
2026/09/09 12:41:46.213, 20874, 24467, 100, 70, 144.99, 1687, 65
2026/09/09 12:41:47.214, 20874, 24467, 100, 70, 145.00, 1642, 66
2026/09/09 12:41:48.214, 20874, 24467, 100, 69, 145.00, 1650, 66
2026/09/09 12:41:49.214, 20874, 24467, 100, 72, 144.99, 1687, 66
2026/09/09 12:41:50.215, 20874, 24467, 100, 71, 144.99, 1657, 65
2026/09/09 12:41:51.215, 20874, 24467, 100, 71, 144.99, 1657, 66
2026/09/09 12:41:52.215, 20874, 24467, 100, 70, 145.00, 1687, 66
2026/09/09 12:41:53.216, 20874, 24467, 100, 72, 145.00, 1680, 66
2026/09/09 12:41:54.216, 20874, 24467, 100, 71, 145.00, 1657, 66
2026/09/09 12:41:55.216, 20874, 24467, 100, 71, 144.99, 1687, 66
2026/09/09 12:41:56.217, 20874, 24467, 100, 72, 145.01, 1695, 67
2026/09/09 12:41:57.217, 20874, 24467, 100, 70, 145.00, 1657, 66
2026/09/09 12:41:58.217, 20874, 24467, 100, 71, 144.99, 1687, 66
2026/09/09 12:41:59.218, 20874, 24467, 100, 71, 145.00, 1687, 66
2026/09/09 12:42:00.218, 20874, 24467, 100, 72, 144.99, 1657, 66
2026/09/09 12:42:01.219, 20874, 24467, 100, 71, 145.00, 1687, 66
2026/09/09 12:42:02.219, 20874, 24467, 100, 71, 144.99, 1687, 66
2026/09/09 12:42:03.219, 20874, 24467, 100, 87, 144.99, 1912, 65
2026/09/09 12:42:04.220, 20874, 24467, 100, 87, 145.00, 1920, 65
2026/09/09 12:42:05.220, 20874, 24467, 100, 87, 144.99, 1912, 65
2026/09/09 12:42:06.220, 20874, 24467, 100, 87, 144.99, 1912, 66
2026/09/09 12:42:07.221, 20874, 24467, 100, 87, 145.01, 1912, 65
2026/09/09 12:42:08.221, 20874, 24467, 100, 87, 144.99, 1912, 65
2026/09/09 12:42:09.221, 20874, 24467, 100, 87, 144.99, 1912, 66
2026/09/09 12:42:10.222, 20874, 24467, 100, 87, 144.99, 1912, 66
2026/09/09 12:42:11.222, 20874, 24467, 100, 87, 144.99, 1920, 66
2026/09/09 12:42:12.222, 20874, 24467, 100, 86, 144.98, 1920, 66
2026/09/09 12:42:13.223, 20874, 24467, 100, 86, 145.02, 1920, 66
2026/09/09 12:42:14.223, 20874, 24467, 100, 87, 144.98, 1927, 66
2026/09/09 12:42:15.223, 20874, 24467, 100, 87, 145.00, 1927, 66
2026/09/09 12:42:16.224, 20874, 24467, 100, 87, 144.98, 1920, 66
2026/09/09 12:42:17.224, 20874, 24467, 100, 86, 145.01, 1927, 66
2026/09/09 12:42:18.224, 20874, 24467, 100, 86, 144.99, 1927, 66
2026/09/09 12:42:19.225, 20874, 24467, 100, 86, 144.98, 1935, 66
2026/09/09 12:42:20.225, 20874, 24467, 100, 86, 145.00, 1927, 66
2026/09/09 12:42:21.225, 20874, 24467, 100, 86, 145.00, 1927, 66
2026/09/09 12:42:22.226, 20874, 24467, 100, 86, 144.99, 1935, 66
2026/09/09 12:42:23.226, 20874, 24467, 100, 86, 144.99, 1935, 66
2026/09/09 12:42:24.226, 20874, 24467, 100, 86, 144.99, 1935, 66
2026/09/09 12:42:25.227, 20874, 24467, 100, 84, 144.98, 1942, 66
2026/09/09 12:42:26.227, 20874, 24467, 100, 84, 144.99, 1942, 66
2026/09/09 12:42:27.227, 20874, 24467, 100, 84, 144.98, 1942, 66
2026/09/09 12:42:28.228, 20874, 24467, 100, 84, 144.98, 1950, 66
2026/09/09 12:42:29.228, 20874, 24467, 100, 84, 145.01, 1950, 66
2026/09/09 12:42:30.228, 20874, 24467, 100, 84, 145.02, 1942, 66
2026/09/09 12:42:31.229, 20874, 24467, 100, 84, 144.99, 1942, 66
2026/09/09 12:42:32.229, 20874, 24467, 100, 90, 145.06, 1837, 66
2026/09/09 12:42:33.229, 20874, 24467, 100, 92, 144.99, 1837, 66
2026/09/09 12:42:34.230, 20874, 24467, 100, 92, 145.00, 1837, 66
2026/09/09 12:42:35.230, 20874, 24467, 100, 92, 145.00, 1837, 66
2026/09/09 12:42:36.230, 20874, 24467, 100, 92, 144.99, 1837, 66
2026/09/09 12:42:37.231, 20874, 24467, 100, 92, 145.01, 1837, 66
2026/09/09 12:42:38.231, 20874, 24467, 100, 74, 144.99, 1650, 68
2026/09/09 12:42:39.232, 20874, 24467, 100, 75, 144.99, 1695, 68
2026/09/09 12:42:40.232, 20874, 24467, 100, 73, 145.01, 1635, 67
2026/09/09 12:42:41.232, 20874, 24467, 100, 73, 145.00, 1680, 68
2026/09/09 12:42:42.233, 20874, 24467, 100, 72, 145.00, 1657, 67
2026/09/09 12:42:43.233, 20874, 24467, 100, 73, 145.00, 1650, 68
2026/09/09 12:42:44.233, 20874, 24467, 100, 72, 145.00, 1687, 68
2026/09/09 12:42:45.234, 20874, 24467, 100, 73, 145.00, 1642, 68
2026/09/09 12:42:46.234, 20874, 24467, 100, 72, 145.00, 1657, 68
2026/09/09 12:42:47.234, 20874, 24467, 100, 72, 145.00, 1687, 68
2026/09/09 12:42:48.235, 20874, 24467, 100, 72, 144.99, 1642, 68
2026/09/09 12:42:49.235, 20874, 24467, 100, 73, 145.00, 1665, 68
2026/09/09 12:42:50.235, 20874, 24467, 100, 72, 145.00, 1695, 67
2026/09/09 12:42:51.236, 20874, 24467, 100, 72, 145.00, 1642, 68
2026/09/09 12:42:52.236, 20874, 24467, 100, 70, 145.00, 1672, 68
2026/09/09 12:42:53.237, 20874, 24467, 100, 74, 144.99, 1687, 68
2026/09/09 12:42:54.237, 20874, 24467, 100, 72, 145.00, 1642, 68
2026/09/09 12:42:55.237, 20874, 24467, 100, 71, 145.00, 1672, 68
2026/09/09 12:42:56.238, 20874, 24467, 100, 73, 145.01, 1680, 68
2026/09/09 12:42:57.238, 20874, 24467, 100, 73, 144.99, 1642, 68
2026/09/09 12:42:58.238, 20874, 24467, 100, 71, 145.00, 1672, 68
2026/09/09 12:42:59.239, 20874, 24467, 100, 71, 144.99, 1680, 68
2026/09/09 12:43:00.239, 20874, 24467, 100, 70, 145.00, 1650, 68
2026/09/09 12:43:01.239, 20874, 24467, 100, 72, 145.00, 1672, 68
2026/09/09 12:43:02.240, 20874, 24467, 100, 71, 144.99, 1672, 68
2026/09/09 12:43:03.240, 20874, 24467, 100, 71, 145.00, 1650, 68
2026/09/09 12:43:04.241, 20874, 24467, 100, 72, 144.99, 1680, 68
2026/09/09 12:43:05.241, 20874, 24467, 100, 71, 144.99, 1665, 68
2026/09/09 12:43:06.241, 20874, 24467, 100, 71, 145.00, 1650, 68
2026/09/09 12:43:07.242, 20874, 24467, 100, 72, 145.00, 1680, 67
2026/09/09 12:43:08.242, 20874, 24467, 100, 70, 144.99, 1650, 68
2026/09/09 12:43:09.242, 20874, 24467, 100, 71, 145.00, 1657, 68
2026/09/09 12:43:10.243, 20874, 24467, 100, 72, 145.00, 1687, 68
2026/09/09 12:43:11.243, 20874, 24467, 100, 71, 144.99, 1642, 68
2026/09/09 12:43:12.243, 20874, 24467, 100, 71, 145.00, 1650, 68
2026/09/09 12:43:13.244, 20874, 24467, 100, 72, 144.99, 1680, 68
2026/09/09 12:43:14.244, 20874, 24467, 100, 72, 145.00, 1635, 68
2026/09/09 12:43:15.244, 20874, 24467, 100, 71, 145.00, 1657, 67
2026/09/09 12:43:16.245, 20874, 24467, 100, 73, 144.99, 1687, 68
2026/09/09 12:43:17.245, 20874, 24467, 100, 72, 145.00, 1627, 68
2026/09/09 12:43:18.245, 20874, 24467, 100, 70, 144.99, 1657, 68
2026/09/09 12:43:19.246, 20874, 24467, 100, 71, 145.00, 1672, 68
2026/09/09 12:43:20.246, 20874, 24467, 100, 70, 145.00, 1635, 68
2026/09/09 12:43:21.247, 20874, 24467, 100, 69, 145.00, 1657, 68
2026/09/09 12:43:22.247, 20874, 24467, 100, 73, 144.99, 1672, 68
2026/09/09 12:43:23.247, 20874, 24467, 100, 70, 144.99, 1635, 68
2026/09/09 12:43:24.248, 20874, 24467, 100, 70, 144.99, 1665, 68
2026/09/09 12:43:25.248, 20874, 24467, 100, 72, 145.00, 1665, 67
2026/09/09 12:43:26.248, 20874, 24467, 100, 72, 144.99, 1642, 68
2026/09/09 12:43:27.249, 20874, 24467, 100, 71, 145.00, 1657, 68
2026/09/09 12:43:28.249, 20874, 24467, 100, 71, 144.99, 1665, 68
2026/09/09 12:43:29.249, 20874, 24467, 100, 70, 145.00, 1650, 68
2026/09/09 12:43:30.250, 20874, 24467, 100, 70, 144.99, 1665, 68
2026/09/09 12:43:31.250, 20874, 24467, 100, 72, 144.99, 1672, 68
2026/09/09 12:43:32.251, 20874, 24467, 100, 72, 145.00, 1657, 68
2026/09/09 12:43:33.251, 20874, 24467, 100, 72, 145.00, 1665, 67
2026/09/09 12:43:34.251, 20874, 24467, 100, 72, 144.99, 1680, 68
2026/09/09 12:43:35.251, 20874, 24467, 100, 72, 145.00, 1657, 68
2026/09/09 12:43:36.252, 20874, 24467, 100, 72, 145.01, 1672, 68
2026/09/09 12:43:37.252, 20874, 24467, 100, 72, 145.00, 1665, 68
2026/09/09 12:43:38.253, 20874, 24467, 100, 71, 145.00, 1657, 67
2026/09/09 12:43:39.253, 20874, 24467, 100, 87, 144.98, 1905, 67
2026/09/09 12:43:40.253, 20874, 24467, 100, 87, 144.99, 1912, 67
2026/09/09 12:43:41.254, 20874, 24467, 100, 87, 145.00, 1905, 67
2026/09/09 12:43:42.254, 20874, 24467, 100, 87, 144.99, 1912, 67
2026/09/09 12:43:43.254, 20874, 24467, 100, 87, 144.99, 1905, 67
2026/09/09 12:43:44.255, 20874, 24467, 100, 87, 145.00, 1762, 68
2026/09/09 12:43:45.255, 20874, 24467, 100, 74, 145.00, 1665, 68
2026/09/09 12:43:46.255, 20874, 24467, 100, 87, 144.99, 1912, 67
2026/09/09 12:43:47.256, 20874, 24467, 100, 87, 145.00, 1912, 67
2026/09/09 12:43:48.256, 20874, 24467, 100, 87, 144.97, 1920, 67
2026/09/09 12:43:49.256, 20874, 24467, 100, 87, 145.00, 1920, 67
2026/09/09 12:43:50.257, 20874, 24467, 100, 86, 144.99, 1912, 67
2026/09/09 12:43:51.257, 20874, 24467, 100, 86, 144.99, 1920, 67
2026/09/09 12:43:52.257, 20874, 24467, 100, 87, 145.01, 1920, 67
2026/09/09 12:43:53.257, 20874, 24467, 100, 87, 145.03, 1680, 68
2026/09/09 12:43:54.258, 20874, 24467, 100, 72, 145.00, 1657, 67
2026/09/09 12:43:55.258, 20874, 24467, 100, 87, 144.95, 1920, 67
2026/09/09 12:43:56.259, 20874, 24467, 100, 86, 145.02, 1920, 67
2026/09/09 12:43:57.259, 20874, 24467, 100, 86, 144.99, 1920, 67
2026/09/09 12:43:58.259, 20874, 24467, 100, 86, 144.99, 1927, 67
2026/09/09 12:43:59.260, 20874, 24467, 100, 86, 144.99, 1920, 67
2026/09/09 12:44:00.260, 20874, 24467, 100, 86, 144.98, 1927, 67
2026/09/09 12:44:01.260, 20874, 24467, 100, 86, 145.01, 1920, 67
2026/09/09 12:44:02.261, 20874, 24467, 100, 73, 145.01, 1650, 67
2026/09/09 12:44:03.261, 20874, 24467, 100, 80, 144.97, 1920, 67
2026/09/09 12:44:04.261, 20874, 24467, 100, 86, 144.99, 1920, 67
2026/09/09 12:44:05.262, 20874, 24467, 100, 86, 144.99, 1935, 67
2026/09/09 12:44:06.262, 20874, 24467, 100, 84, 144.99, 1935, 67
2026/09/09 12:44:07.262, 20874, 24467, 100, 84, 144.99, 1935, 67
2026/09/09 12:44:08.263, 20874, 24467, 100, 84, 144.99, 1942, 67
2026/09/09 12:44:09.263, 20874, 24467, 100, 84, 145.00, 1942, 67
2026/09/09 12:44:10.263, 20874, 24467, 100, 73, 145.05, 1650, 67
2026/09/09 12:44:11.264, 20874, 24467, 100, 90, 144.97, 1927, 67
2026/09/09 12:44:12.264, 20874, 24467, 100, 85, 144.98, 1927, 67
2026/09/09 12:44:13.265, 20874, 24467, 100, 84, 144.98, 1935, 67
2026/09/09 12:44:14.265, 20874, 24467, 100, 84, 145.03, 1830, 67
2026/09/09 12:44:15.265, 20874, 24467, 100, 92, 145.00, 1837, 67
2026/09/09 12:44:16.266, 20874, 24467, 100, 92, 145.00, 1837, 67
2026/09/09 12:44:17.266, 20874, 24467, 100, 92, 145.00, 1650, 67
2026/09/09 12:44:18.266, 20874, 24467, 100, 83, 145.00, 1830, 67
2026/09/09 12:44:19.267, 20874, 24467, 100, 92, 144.99, 1837, 67
2026/09/09 12:44:20.267, 20874, 24467, 100, 92, 145.00, 1702, 68
2026/09/09 12:44:21.267, 20874, 24467, 100, 72, 145.00, 1642, 68
2026/09/09 12:44:22.268, 20874, 24467, 100, 71, 144.99, 1672, 68
2026/09/09 12:44:23.268, 20874, 24467, 100, 74, 145.00, 1740, 68
2026/09/09 12:44:24.268, 20874, 24467, 100, 71, 145.00, 1657, 69
2026/09/09 12:44:25.269, 20874, 24467, 100, 73, 144.99, 1680, 68
2026/09/09 12:44:26.269, 20874, 24467, 100, 73, 144.99, 1635, 68
2026/09/09 12:44:27.269, 20874, 24467, 100, 71, 145.01, 1665, 68
2026/09/09 12:44:28.270, 20874, 24467, 100, 71, 145.00, 1680, 68
2026/09/09 12:44:29.270, 20874, 24467, 100, 73, 144.99, 1635, 68
2026/09/09 12:44:30.271, 20874, 24467, 100, 71, 145.00, 1665, 68
2026/09/09 12:44:31.271, 20874, 24467, 100, 72, 144.99, 1672, 68
2026/09/09 12:44:32.271, 20874, 24467, 100, 73, 145.00, 1642, 68
2026/09/09 12:44:33.272, 20874, 24467, 100, 71, 145.00, 1672, 68
2026/09/09 12:44:34.272, 20874, 24467, 100, 73, 144.99, 1665, 69
2026/09/09 12:44:35.272, 20874, 24467, 100, 72, 145.00, 1642, 68
2026/09/09 12:44:36.273, 20874, 24467, 100, 72, 144.99, 1672, 68
2026/09/09 12:44:37.273, 20874, 24467, 100, 73, 144.99, 1665, 69
2026/09/09 12:44:38.273, 20874, 24467, 100, 72, 144.99, 1650, 68
2026/09/09 12:44:39.274, 20874, 24467, 100, 71, 145.01, 1680, 68
2026/09/09 12:44:40.274, 20874, 24467, 100, 71, 144.99, 1657, 68
2026/09/09 12:44:41.274, 20874, 24467, 100, 70, 145.00, 1650, 68
2026/09/09 12:44:42.275, 20874, 24467, 100, 72, 145.00, 1680, 68
2026/09/09 12:44:43.275, 20874, 24467, 100, 71, 144.99, 1650, 68
2026/09/09 12:44:44.275, 20874, 24467, 100, 70, 145.00, 1650, 68
2026/09/09 12:44:45.276, 20874, 24467, 100, 71, 144.99, 1687, 68
2026/09/09 12:44:46.276, 20874, 24467, 100, 72, 145.00, 1642, 68
2026/09/09 12:44:47.276, 20874, 24467, 100, 72, 145.00, 1657, 68
2026/09/09 12:44:48.277, 20874, 24467, 100, 73, 144.99, 1687, 68
2026/09/09 12:44:49.277, 20874, 24467, 100, 71, 145.00, 1635, 68
2026/09/09 12:44:50.277, 20874, 24467, 100, 72, 144.99, 1657, 68
2026/09/09 12:44:51.278, 20874, 24467, 100, 72, 145.00, 1687, 68
2026/09/09 12:44:52.278, 20874, 24467, 100, 72, 144.99, 1635, 68
2026/09/09 12:44:53.278, 20874, 24467, 100, 71, 145.00, 1657, 68
2026/09/09 12:44:54.279, 20874, 24467, 100, 73, 145.00, 1680, 69
2026/09/09 12:44:55.279, 20874, 24467, 100, 73, 145.00, 1635, 69
2026/09/09 12:44:56.279, 20874, 24467, 100, 70, 144.99, 1657, 69
2026/09/09 12:44:57.280, 20874, 24467, 100, 72, 145.00, 1672, 68
2026/09/09 12:44:58.280, 20874, 24467, 100, 71, 144.99, 1635, 68
2026/09/09 12:44:59.280, 20874, 24467, 100, 72, 144.99, 1665, 68
2026/09/09 12:45:00.281, 20874, 24467, 100, 71, 145.00, 1672, 68
2026/09/09 12:45:01.281, 20874, 24467, 100, 72, 145.01, 1665, 69
2026/09/09 12:45:02.281, 20874, 24467, 100, 71, 144.99, 1642, 68
2026/09/09 12:45:03.282, 20888, 24467, 100, 71, 145.01, 1665, 68
2026/09/09 12:45:04.292, 20874, 24467, 100, 72, 144.98, 1665, 68
2026/09/09 12:45:05.292, 20874, 24467, 100, 71, 145.00, 1650, 68
2026/09/09 12:45:06.292, 20874, 24467, 100, 72, 145.00, 1672, 68
2026/09/09 12:45:07.293, 20874, 24467, 100, 71, 145.00, 1672, 68
2026/09/09 12:45:08.293, 20874, 24467, 100, 71, 145.00, 1657, 68
2026/09/09 12:45:09.293, 20874, 24467, 100, 72, 145.01, 1665, 68
2026/09/09 12:45:10.294, 20874, 24467, 100, 71, 144.99, 1680, 68
2026/09/09 12:45:11.294, 20874, 24467, 100, 71, 144.99, 1650, 68
2026/09/09 12:45:12.294, 20874, 24467, 100, 72, 145.00, 1665, 68
2026/09/09 12:45:13.295, 20874, 24467, 100, 70, 144.99, 1695, 68
2026/09/09 12:45:14.295, 20874, 24467, 100, 71, 145.01, 1650, 68
2026/09/09 12:45:15.295, 20874, 24467, 100, 71, 145.00, 1672, 68
2026/09/09 12:45:16.296, 20874, 24467, 100, 70, 144.99, 1695, 68
2026/09/09 12:45:17.296, 20874, 24467, 100, 72, 144.99, 1642, 68
2026/09/09 12:45:18.296, 20874, 24467, 100, 72, 145.00, 1680, 68
2026/09/09 12:45:19.297, 20874, 24467, 100, 88, 145.00, 1665, 67
2026/09/09 12:45:20.297, 20874, 24467, 100, 87, 144.99, 1905, 67
2026/09/09 12:45:21.297, 20874, 24467, 100, 87, 145.00, 1912, 67
2026/09/09 12:45:22.298, 20874, 24467, 100, 87, 145.00, 1912, 67
2026/09/09 12:45:23.298, 20874, 24467, 100, 86, 144.99, 1920, 67
2026/09/09 12:45:24.298, 20874, 24467, 100, 87, 145.00, 1912, 67
2026/09/09 12:45:25.299, 20874, 24467, 100, 87, 144.99, 1920, 67
2026/09/09 12:45:26.299, 20874, 24467, 100, 87, 145.00, 1912, 67
2026/09/09 12:45:27.299, 20874, 24467, 100, 87, 144.99, 1912, 67
2026/09/09 12:45:28.300, 20874, 24467, 100, 86, 144.98, 1920, 67
2026/09/09 12:45:29.300, 20874, 24467, 100, 87, 145.01, 1920, 67
2026/09/09 12:45:30.300, 20874, 24467, 100, 86, 144.99, 1920, 67
2026/09/09 12:45:31.301, 20874, 24467, 100, 86, 144.99, 1920, 67
2026/09/09 12:45:32.301, 20874, 24467, 100, 86, 144.99, 1920, 67
2026/09/09 12:45:33.301, 20874, 24467, 100, 87, 145.00, 1920, 67
2026/09/09 12:45:34.302, 20874, 24467, 100, 86, 145.00, 1927, 67
2026/09/09 12:45:35.302, 20874, 24467, 100, 86, 145.00, 1927, 67
2026/09/09 12:45:36.302, 20874, 24467, 100, 86, 145.00, 1927, 67
2026/09/09 12:45:37.302, 20874, 24467, 100, 86, 145.00, 1920, 67
2026/09/09 12:45:38.303, 20874, 24467, 100, 86, 144.99, 1927, 67
2026/09/09 12:45:39.303, 20874, 24467, 100, 86, 145.00, 1927, 67
2026/09/09 12:45:40.304, 20874, 24467, 100, 86, 145.00, 1927, 67
2026/09/09 12:45:41.304, 20874, 24467, 100, 84, 144.98, 1935, 67
2026/09/09 12:45:42.304, 20874, 24467, 100, 84, 145.00, 1935, 67
2026/09/09 12:45:43.305, 20874, 24467, 100, 84, 144.99, 1935, 67
2026/09/09 12:45:44.305, 20874, 24467, 100, 84, 145.01, 1935, 67
2026/09/09 12:45:45.305, 20874, 24467, 100, 84, 144.99, 1935, 67
2026/09/09 12:45:46.305, 20874, 24467, 100, 84, 144.99, 1942, 67
2026/09/09 12:45:47.306, 20874, 24467, 100, 84, 144.99, 1942, 67
2026/09/09 12:45:48.306, 20874, 24467, 100, 84, 144.99, 1942, 67
2026/09/09 12:45:49.307, 20874, 24467, 100, 91, 145.05, 1912, 67
2026/09/09 12:45:50.307, 20874, 24467, 100, 92, 145.07, 1837, 67
2026/09/09 12:45:51.307, 20874, 24467, 100, 92, 144.99, 1830, 67
2026/09/09 12:45:52.307, 20874, 24467, 100, 92, 145.00, 1837, 67
2026/09/09 12:45:53.308, 20874, 24467, 100, 92, 144.99, 1830, 67
2026/09/09 12:45:54.308, 20874, 24467, 100, 92, 145.00, 1837, 67
2026/09/09 12:45:55.309, 20874, 24467, 100, 73, 144.99, 1672, 68
2026/09/09 12:45:56.309, 20874, 24467, 100, 70, 145.00, 1665, 68
2026/09/09 12:45:57.309, 20874, 24467, 100, 73, 145.00, 1657, 68
2026/09/09 12:45:58.310, 20874, 24467, 100, 72, 145.00, 1695, 69
2026/09/09 12:45:59.310, 20874, 24467, 100, 72, 145.00, 1635, 68
2026/09/09 12:46:00.310, 20874, 24467, 100, 73, 144.99, 1672, 69
2026/09/09 12:46:01.311, 20874, 24467, 100, 71, 144.99, 1687, 68
2026/09/09 12:46:02.311, 20874, 24467, 100, 72, 145.00, 1650, 68
2026/09/09 12:46:03.312, 20874, 24467, 100, 73, 145.00, 1680, 68
2026/09/09 12:46:04.312, 20874, 24467, 100, 72, 145.00, 1672, 68
2026/09/09 12:46:05.312, 20874, 24467, 100, 72, 145.00, 1657, 68
2026/09/09 12:46:06.312, 20874, 24467, 100, 71, 145.00, 1680, 68
2026/09/09 12:46:07.313, 20874, 24467, 100, 73, 144.99, 1665, 69
2026/09/09 12:46:08.313, 20874, 24467, 100, 71, 145.00, 1665, 68
2026/09/09 12:46:09.313, 20874, 24467, 100, 72, 144.99, 1672, 69
2026/09/09 12:46:10.314, 20874, 24467, 100, 72, 144.99, 1657, 68
2026/09/09 12:46:11.314, 20874, 24467, 100, 73, 145.00, 1672, 68
2026/09/09 12:46:12.314, 20874, 24467, 100, 71, 144.99, 1672, 68
2026/09/09 12:46:13.315, 20874, 24467, 100, 72, 145.01, 1657, 68
2026/09/09 12:46:14.315, 20874, 24467, 100, 73, 144.99, 1672, 68
2026/09/09 12:46:15.315, 20874, 24467, 100, 71, 145.00, 1665, 68
2026/09/09 12:46:16.316, 20874, 24467, 100, 71, 144.99, 1650, 68
2026/09/09 12:46:17.316, 20874, 24467, 100, 71, 144.99, 1680, 68
2026/09/09 12:46:18.316, 20874, 24467, 100, 72, 145.00, 1657, 68
2026/09/09 12:46:19.317, 20874, 24467, 100, 71, 145.00, 1650, 68
2026/09/09 12:46:20.317, 20874, 24467, 100, 71, 144.99, 1680, 68
2026/09/09 12:46:21.317, 20874, 24467, 100, 72, 145.01, 1657, 68
2026/09/09 12:46:22.318, 20874, 24467, 100, 72, 145.00, 1650, 69
2026/09/09 12:46:23.318, 20874, 24467, 100, 93, 144.99, 1852, 67
2026/09/09 12:46:24.318, 20874, 24467, 100, 90, 145.00, 1867, 67
2026/09/09 12:46:25.319, 20874, 24467, 100, 90, 145.00, 1867, 67
2026/09/09 12:46:26.319, 20874, 24467, 100, 90, 145.00, 1867, 67
2026/09/09 12:46:27.319, 20874, 24467, 100, 90, 144.99, 1875, 67
2026/09/09 12:46:28.320, 20874, 24467, 100, 90, 145.00, 1867, 66
2026/09/09 12:46:29.320, 20874, 24467, 100, 91, 145.00, 1852, 66
2026/09/09 12:46:30.321, 20874, 24467, 100, 91, 144.99, 1860, 66
2026/09/09 12:46:31.321, 20874, 24467, 100, 91, 144.99, 1860, 66
2026/09/09 12:46:32.321, 20874, 24467, 100, 91, 145.00, 1860, 66
2026/09/09 12:46:33.322, 20874, 24467, 100, 91, 144.99, 1860, 66
2026/09/09 12:46:34.322, 20874, 24467, 100, 91, 145.00, 1860, 66
2026/09/09 12:46:35.322, 20874, 24467, 100, 91, 144.99, 1860, 66
2026/09/09 12:46:36.323, 20874, 24467, 100, 94, 145.01, 1920, 66
2026/09/09 12:46:37.323, 20874, 24467, 100, 94, 145.00, 1920, 66
2026/09/09 12:46:38.323, 20874, 24467, 100, 94, 144.99, 1920, 66
2026/09/09 12:46:39.324, 20874, 24467, 100, 93, 145.00, 1927, 66
2026/09/09 12:46:40.324, 20874, 24467, 100, 93, 144.98, 1935, 66
2026/09/09 12:46:41.325, 20874, 24467, 100, 93, 145.00, 1935, 66
2026/09/09 12:46:42.325, 20874, 24467, 100, 93, 145.00, 1935, 66
2026/09/09 12:46:43.325, 20874, 24467, 100, 93, 144.99, 1935, 66
2026/09/09 12:46:44.326, 20874, 24467, 0, 0, 107.04, 2467, 62
2026/09/09 12:46:45.326, 20874, 24467, 0, 0, 44.82, 2467, 61
2026/09/09 12:46:46.326, 20874, 24467, 0, 0, 40.20, 2047, 59
2026/09/09 12:46:47.327, 20874, 24467, 0, 0, 33.43, 2047, 58
2026/09/09 12:46:48.327, 20874, 24467, 0, 0, 33.24, 2047, 57
2026/09/09 12:46:49.328, 20874, 24467, 0, 0, 32.93, 2047, 57
2026/09/09 12:46:50.328, 20874, 24467, 0, 0, 32.58, 2047, 56
2026/09/09 12:46:51.328, 20874, 24467, 0, 0, 32.09, 2047, 55
2026/09/09 12:46:52.329, 20874, 24467, 0, 0, 32.03, 2047, 55
2026/09/09 12:46:53.329, 20874, 24467, 0, 0, 31.81, 2047, 54
2026/09/09 12:46:54.329, 20874, 24467, 0, 0, 31.59, 2047, 53
2026/09/09 12:46:55.329, 20874, 24467, 0, 0, 31.51, 2047, 53
2026/09/09 12:46:56.330, 20874, 24467, 0, 0, 31.33, 2047, 52
2026/09/09 12:46:57.330, 20874, 24467, 0, 0, 30.96, 2047, 52
2026/09/09 12:46:58.331, 20874, 24467, 0, 0, 30.97, 2047, 51
2026/09/09 12:46:59.331, 20874, 24467, 0, 0, 31.00, 2047, 51
2026/09/09 12:47:00.331, 20874, 24467, 0, 0, 30.97, 2047, 51
2026/09/09 12:47:01.331, 20874, 24467, 0, 0, 28.64, 412, 50
2026/09/09 12:47:02.332, 20874, 24467, 0, 0, 19.10, 255, 49
2026/09/09 12:47:03.332, 20874, 24467, 0, 0, 8.78, 180, 48
2026/09/09 12:47:04.332, 20874, 24467, 0, 0, 8.30, 180, 48
2026/09/09 12:47:05.333, 20874, 24467, 100, 89, 125.70, 2182, 55
2026/09/09 12:47:06.333, 20874, 24467, 100, 89, 144.99, 2175, 56
2026/09/09 12:47:07.334, 20874, 24467, 100, 89, 144.98, 2175, 56
2026/09/09 12:47:08.334, 20874, 24467, 100, 89, 145.00, 2160, 57
2026/09/09 12:47:09.334, 20874, 24467, 100, 89, 144.85, 2025, 58
2026/09/09 12:47:10.335, 20874, 24467, 100, 89, 145.29, 2152, 58
2026/09/09 12:47:11.335, 20874, 24467, 100, 89, 145.01, 2145, 58
2026/09/09 12:47:12.335, 20874, 24467, 100, 89, 144.99, 2145, 59
2026/09/09 12:47:13.336, 20874, 24467, 100, 89, 145.01, 2137, 59
2026/09/09 12:47:14.336, 20874, 24467, 100, 89, 144.99, 2145, 60
2026/09/09 12:47:15.336, 20874, 24467, 100, 89, 145.01, 2130, 60
2026/09/09 12:47:16.337, 20874, 24467, 82, 52, 144.54, 2062, 63
2026/09/09 12:47:17.337, 20874, 24467, 100, 89, 144.98, 2130, 61
2026/09/09 12:47:18.337, 20874, 24467, 100, 89, 145.02, 2115, 61
2026/09/09 12:47:19.338, 20874, 24467, 100, 89, 145.00, 2115, 61
2026/09/09 12:47:20.338, 20874, 24467, 100, 89, 145.00, 2115, 61
2026/09/09 12:47:21.338, 20874, 24467, 100, 89, 144.96, 2107, 61
2026/09/09 12:47:22.339, 20874, 24467, 100, 89, 145.03, 2107, 62
2026/09/09 12:47:23.339, 20874, 24467, 100, 89, 145.00, 2107, 62
2026/09/09 12:47:24.339, 20874, 24467, 100, 89, 145.01, 2107, 62
2026/09/09 12:47:25.340, 20874, 24467, 100, 89, 144.99, 2107, 62
2026/09/09 12:47:26.340, 20874, 24467, 100, 89, 145.00, 2107, 63
2026/09/09 12:47:27.340, 20874, 24467, 100, 89, 145.00, 2107, 63
2026/09/09 12:47:28.341, 20874, 24467, 100, 89, 144.92, 2070, 63
2026/09/09 12:47:29.341, 20874, 24467, 100, 89, 145.05, 2235, 63
2026/09/09 12:47:30.341, 20874, 24467, 100, 89, 145.00, 2235, 63
2026/09/09 12:47:31.342, 20874, 24467, 100, 89, 144.97, 2100, 63
2026/09/09 12:47:32.342, 20874, 24467, 100, 88, 144.99, 2100, 64
2026/09/09 12:47:33.342, 20874, 24467, 100, 89, 145.01, 2242, 64
2026/09/09 12:47:34.343, 20874, 24467, 100, 89, 145.03, 2235, 64
2026/09/09 12:47:35.343, 20874, 24467, 100, 83, 144.85, 2115, 64
2026/09/09 12:47:36.343, 20874, 24467, 100, 89, 145.83, 2235, 64
2026/09/09 12:47:37.344, 20874, 24467, 100, 89, 145.01, 2235, 64
2026/09/09 12:47:38.344, 20874, 24467, 100, 89, 145.00, 2227, 64
2026/09/09 12:47:39.345, 20874, 24467, 100, 89, 144.99, 2227, 64
2026/09/09 12:47:40.345, 20874, 24467, 100, 89, 145.00, 2235, 64
2026/09/09 12:47:41.345, 20874, 24467, 100, 89, 145.01, 2227, 65
2026/09/09 12:47:42.346, 20874, 24467, 90, 60, 144.79, 2145, 64
2026/09/09 12:47:43.346, 20874, 24467, 100, 89, 145.28, 2227, 65
2026/09/09 12:47:44.346, 20874, 24467, 100, 89, 145.01, 2220, 65
2026/09/09 12:47:45.347, 20874, 24467, 100, 89, 145.01, 2220, 65
2026/09/09 12:47:46.347, 20874, 24467, 100, 89, 145.00, 2220, 65
2026/09/09 12:47:47.347, 20874, 24467, 100, 89, 144.97, 2227, 65
2026/09/09 12:47:48.348, 20874, 24467, 100, 89, 145.04, 2220, 65
2026/09/09 12:47:49.348, 20874, 24467, 85, 69, 144.96, 2227, 66
2026/09/09 12:47:50.348, 20874, 24467, 100, 89, 146.12, 2212, 65
2026/09/09 12:47:51.349, 20874, 24467, 100, 89, 145.00, 2212, 65
2026/09/09 12:47:52.349, 20874, 24467, 100, 89, 145.00, 2212, 65
2026/09/09 12:47:53.349, 20874, 24467, 100, 89, 144.99, 2212, 65
2026/09/09 12:47:54.350, 20874, 24467, 100, 89, 144.96, 2145, 65
2026/09/09 12:47:55.350, 20874, 24467, 100, 89, 145.02, 2212, 65
2026/09/09 12:47:56.350, 20874, 24467, 100, 89, 144.04, 2212, 68
2026/09/09 12:47:57.351, 20874, 24467, 100, 89, 145.00, 2212, 65
2026/09/09 12:47:58.351, 20874, 24467, 100, 89, 144.99, 2212, 65
2026/09/09 12:47:59.351, 20874, 24467, 100, 89, 144.98, 2212, 66
2026/09/09 12:48:00.352, 20874, 24467, 100, 89, 145.01, 2212, 66
2026/09/09 12:48:01.352, 20874, 24467, 100, 89, 144.95, 2100, 66
2026/09/09 12:48:02.352, 20874, 24467, 100, 89, 145.07, 2212, 66
2026/09/09 12:48:03.353, 20874, 24467, 100, 89, 145.00, 2212, 66
2026/09/09 12:48:04.353, 20874, 24467, 100, 89, 145.01, 2212, 66
2026/09/09 12:48:05.353, 20874, 24467, 100, 89, 145.00, 2212, 66
2026/09/09 12:48:06.354, 20874, 24467, 100, 89, 144.99, 2212, 66
2026/09/09 12:48:07.354, 20874, 24467, 100, 89, 145.00, 2212, 66
2026/09/09 12:48:08.354, 20874, 24467, 100, 88, 144.94, 2100, 66
2026/09/09 12:48:09.355, 20874, 24467, 100, 89, 145.05, 2212, 66
2026/09/09 12:48:10.355, 20874, 24467, 100, 89, 144.98, 2212, 66
2026/09/09 12:48:11.355, 20874, 24467, 100, 89, 144.99, 2212, 66
2026/09/09 12:48:12.356, 20874, 24467, 100, 89, 145.00, 2212, 66
2026/09/09 12:48:13.356, 20874, 24467, 100, 89, 144.99, 2220, 66
2026/09/09 12:48:14.357, 20874, 24467, 100, 89, 145.00, 2212, 66
2026/09/09 12:48:15.357, 20874, 24467, 100, 70, 144.84, 2092, 66
2026/09/09 12:48:16.357, 20874, 24467, 100, 89, 145.06, 2212, 66
2026/09/09 12:48:17.358, 20874, 24467, 100, 89, 145.01, 2212, 66
2026/09/09 12:48:18.358, 20874, 24467, 100, 89, 144.99, 2205, 66
2026/09/09 12:48:19.358, 20874, 24467, 100, 89, 145.00, 2205, 66
2026/09/09 12:48:20.358, 20874, 24467, 100, 89, 144.99, 2212, 66
2026/09/09 12:48:21.359, 20874, 24467, 100, 89, 145.02, 2205, 66
2026/09/09 12:48:22.359, 20874, 24467, 84, 64, 144.93, 2212, 66
2026/09/09 12:48:23.359, 20874, 24467, 100, 89, 145.07, 2205, 66
2026/09/09 12:48:24.360, 20874, 24467, 100, 89, 145.00, 2205, 66
2026/09/09 12:48:25.360, 20874, 24467, 100, 89, 144.99, 2212, 66
2026/09/09 12:48:26.360, 20874, 24467, 100, 89, 144.99, 2212, 66
2026/09/09 12:48:27.361, 20874, 24467, 100, 89, 144.96, 2175, 66
2026/09/09 12:48:28.361, 20874, 24467, 100, 89, 145.03, 2205, 66
2026/09/09 12:48:29.361, 20874, 24467, 100, 89, 144.36, 2205, 68
2026/09/09 12:48:30.362, 20874, 24467, 100, 89, 145.00, 2205, 66
2026/09/09 12:48:31.362, 20874, 24467, 100, 89, 144.98, 2205, 66
2026/09/09 12:48:32.363, 20874, 24467, 100, 89, 144.99, 2212, 66
2026/09/09 12:48:33.363, 20874, 24467, 100, 89, 145.00, 2205, 66
2026/09/09 12:48:34.363, 20874, 24467, 100, 89, 144.97, 2100, 66
2026/09/09 12:48:35.364, 20874, 24467, 100, 89, 145.10, 2205, 66
2026/09/09 12:48:36.364, 20874, 24467, 100, 89, 144.91, 2205, 66
2026/09/09 12:48:37.364, 20874, 24467, 100, 89, 145.01, 2205, 66
2026/09/09 12:48:38.365, 20874, 24467, 100, 89, 145.00, 2205, 66
2026/09/09 12:48:39.365, 20874, 24467, 0, 0, 80.84, 2467, 62
2026/09/09 12:48:40.365, 20874, 24467, 0, 0, 44.89, 2467, 61
2026/09/09 12:48:41.366, 20874, 24467, 0, 0, 39.87, 2182, 59
2026/09/09 12:48:42.366, 20874, 24467, 0, 0, 33.46, 2047, 58
2026/09/09 12:48:43.366, 20874, 24467, 0, 0, 33.27, 2047, 57
2026/09/09 12:48:44.367, 20874, 24467, 0, 0, 32.74, 2047, 57
2026/09/09 12:48:45.367, 20874, 24467, 0, 0, 32.57, 2047, 56
2026/09/09 12:48:46.367, 20874, 24467, 0, 0, 32.13, 2047, 55
2026/09/09 12:48:47.368, 20874, 24467, 0, 0, 32.16, 2047, 54
2026/09/09 12:48:48.368, 20874, 24467, 0, 0, 32.06, 2047, 54
2026/09/09 12:48:49.368, 20874, 24467, 0, 0, 31.83, 2047, 53
2026/09/09 12:48:50.369, 20874, 24467, 0, 0, 31.82, 2047, 53
2026/09/09 12:48:51.369, 20874, 24467, 0, 0, 31.63, 2047, 52
2026/09/09 12:48:52.369, 20874, 24467, 0, 0, 31.50, 2047, 52
2026/09/09 12:48:53.369, 20874, 24467, 0, 0, 31.27, 2047, 51
2026/09/09 12:48:54.370, 20874, 24467, 0, 0, 31.15, 2047, 51
2026/09/09 12:48:55.370, 20874, 24467, 0, 0, 30.96, 2047, 50
2026/09/09 12:48:56.370, 20874, 24467, 0, 0, 31.27, 2047, 50
2026/09/09 12:48:57.371, 20874, 24467, 0, 0, 24.71, 315, 49
2026/09/09 12:48:58.371, 20874, 24467, 0, 0, 13.19, 202, 48
2026/09/09 12:48:59.371, 20874, 24467, 0, 0, 7.16, 180, 47
2026/09/09 12:49:00.373, 20874, 24467, 0, 0, 6.23, 180, 47
2026/09/09 12:49:01.374, 20874, 24467, 0, 0, 6.34, 180, 46
2026/09/09 12:49:02.374, 20874, 24467, 0, 0, 5.74, 180, 46
2026/09/09 12:49:03.374, 20874, 24467, 0, 0, 5.65, 180, 46
2026/09/09 12:49:04.375, 20874, 24467, 0, 0, 5.54, 180, 45
2026/09/09 12:49:05.375, 20874, 24467, 0, 0, 4.57, 180, 45
2026/09/09 12:49:06.376, 20874, 24467, 0, 0, 4.97, 180, 44
2026/09/09 12:49:07.376, 20874, 24467, 0, 0, 5.00, 180, 44
2026/09/09 12:49:08.376, 20874, 24467, 0, 0, 5.29, 180, 44
2026/09/09 12:49:09.377, 20874, 24467, 0, 0, 5.59, 180, 43
2026/09/09 12:49:10.377, 20874, 24467, 0, 0, 5.13, 180, 43
2026/09/09 12:49:11.377, 20874, 24467, 0, 0, 4.41, 172, 43
2026/09/09 12:49:12.378, 20874, 24467, 0, 0, 4.87, 180, 43
2026/09/09 12:49:13.378, 20874, 24467, 0, 0, 4.23, 180, 42
2026/09/09 12:49:14.378, 20874, 24467, 0, 0, 3.41, 180, 42
2026/09/09 12:49:15.379, 20874, 24467, 0, 0, 4.84, 180, 42
2026/09/09 12:49:16.379, 20874, 24467, 0, 0, 4.01, 180, 42
2026/09/09 12:49:17.379, 20874, 24467, 0, 0, 3.67, 180, 41
2026/09/09 12:49:18.380, 20874, 24467, 0, 0, 3.37, 180, 41
2026/09/09 12:49:19.380, 20874, 24467, 0, 0, 4.24, 180, 41
2026/09/09 12:49:20.381, 20874, 24467, 0, 0, 4.24, 180, 41
2026/09/09 12:49:21.381, 20874, 24467, 0, 0, 5.43, 180, 40
2026/09/09 12:49:22.381, 20874, 24467, 0, 0, 4.75, 180, 40
2026/09/09 12:49:23.382, 20874, 24467, 0, 0, 3.44, 180, 40
2026/09/09 12:49:24.382, 20874, 24467, 0, 0, 4.86, 180, 40
2026/09/09 12:49:25.382, 20874, 24467, 0, 0, 4.18, 172, 40
2026/09/09 12:49:26.383, 20874, 24467, 0, 0, 4.13, 180, 39
2026/09/09 12:49:27.383, 20874, 24467, 0, 0, 4.63, 180, 39
2026/09/09 12:49:28.383, 20874, 24467, 0, 0, 3.37, 180, 39
2026/09/09 12:49:29.384, 20874, 24467, 0, 0, 3.65, 180, 39
2026/09/09 12:49:30.384, 20874, 24467, 0, 0, 4.07, 180, 39
2026/09/09 12:49:31.384, 20874, 24467, 0, 0, 4.14, 180, 39
2026/09/09 12:49:32.385, 20874, 24467, 0, 0, 4.08, 180, 38
2026/09/09 12:49:33.385, 20874, 24467, 0, 0, 4.08, 180, 38
2026/09/09 12:49:34.385, 20874, 24467, 0, 0, 3.72, 180, 38
2026/09/09 12:49:35.386, 20874, 24467, 0, 0, 3.29, 180, 38
2026/09/09 12:49:36.386, 20874, 24467, 0, 0, 3.90, 180, 38
2026/09/09 12:49:37.386, 20874, 24467, 0, 0, 3.80, 180, 38
2026/09/09 12:49:38.387, 20874, 24467, 0, 0, 3.43, 180, 37
2026/09/09 12:49:39.387, 20874, 24467, 0, 0, 3.79, 180, 37
2026/09/09 12:49:40.387, 20874, 24467, 0, 0, 3.47, 180, 37
2026/09/09 12:49:41.388, 20874, 24467, 0, 0, 3.51, 180, 37
2026/09/09 12:49:42.388, 20874, 24467, 0, 0, 3.50, 180, 37
2026/09/09 12:49:43.388, 20874, 24467, 0, 0, 3.88, 180, 37
2026/09/09 12:49:44.389, 20874, 24467, 0, 0, 3.91, 180, 37
2026/09/09 12:49:45.389, 20874, 24467, 0, 0, 3.54, 180, 37
2026/09/09 12:49:46.389, 20874, 24467, 0, 0, 3.13, 180, 37
2026/09/09 12:49:47.390, 20874, 24467, 0, 0, 3.66, 180, 36
2026/09/09 12:49:48.390, 20874, 24467, 0, 0, 3.43, 180, 36
2026/09/09 12:49:49.390, 20874, 24467, 0, 0, 3.23, 180, 36
2026/09/09 12:49:50.390, 20874, 24467, 0, 0, 3.35, 180, 36
2026/09/09 12:49:51.391, 20874, 24467, 0, 0, 4.02, 180, 36
2026/09/09 12:49:52.391, 20874, 24467, 0, 0, 4.02, 180, 36
2026/09/09 12:49:53.391, 20874, 24467, 0, 0, 3.98, 180, 36
2026/09/09 12:49:54.392, 20874, 24467, 0, 0, 3.96, 180, 36
2026/09/09 12:49:55.392, 20874, 24467, 0, 0, 3.21, 180, 36
2026/09/09 12:49:56.392, 20874, 24467, 0, 0, 3.13, 180, 35
2026/09/09 12:49:57.393, 20874, 24467, 0, 0, 3.08, 180, 35
2026/09/09 12:49:58.393, 20874, 24467, 0, 0, 3.84, 180, 35
2026/09/09 12:49:59.393, 20874, 24467, 0, 0, 3.47, 180, 35
2026/09/09 12:50:00.394, 20874, 24467, 0, 0, 3.09, 180, 35
2026/09/09 12:50:01.394, 20874, 24467, 0, 0, 3.05, 180, 35
2026/09/09 12:50:02.394, 20874, 24467, 0, 0, 3.17, 180, 35
2026/09/09 12:50:03.395, 20874, 24467, 0, 0, 4.59, 180, 35
2026/09/09 12:50:04.395, 20874, 24467, 0, 0, 4.71, 180, 35
2026/09/09 12:50:05.395, 20874, 24467, 0, 0, 4.03, 180, 35
2026/09/09 12:50:06.396, 20874, 24467, 0, 0, 3.35, 180, 35
2026/09/09 12:50:07.396, 20874, 24467, 0, 0, 3.28, 180, 35
2026/09/09 12:50:08.396, 20874, 24467, 0, 0, 3.30, 180, 34
2026/09/09 12:50:09.397, 20874, 24467, 0, 0, 3.27, 180, 34
2026/09/09 12:50:10.397, 20874, 24467, 0, 0, 3.20, 180, 34
2026/09/09 12:50:11.397, 20874, 24467, 0, 0, 3.54, 180, 34
2026/09/09 12:50:12.398, 20874, 24467, 0, 0, 3.99, 180, 34
2026/09/09 12:50:13.398, 20874, 24467, 0, 0, 3.15, 180, 34
2026/09/09 12:50:14.398, 20874, 24467, 0, 0, 3.17, 180, 34
2026/09/09 12:50:15.399, 20874, 24467, 0, 0, 3.11, 180, 34
2026/09/09 12:50:16.399, 20874, 24467, 0, 0, 3.46, 180, 34
2026/09/09 12:50:17.399, 20874, 24467, 0, 0, 3.78, 180, 34
2026/09/09 12:50:18.400, 20874, 24467, 0, 0, 3.73, 180, 34
2026/09/09 12:50:19.400, 20874, 24467, 0, 0, 3.77, 180, 34
2026/09/09 12:50:20.400, 20874, 24467, 0, 0, 3.22, 180, 34
2026/09/09 12:50:21.401, 20874, 24467, 0, 0, 3.16, 180, 34
2026/09/09 12:50:22.401, 20874, 24467, 0, 0, 3.02, 180, 34
2026/09/09 12:50:23.401, 20874, 24467, 0, 0, 3.01, 180, 33
2026/09/09 12:50:24.402, 20874, 24467, 0, 0, 2.98, 180, 33
2026/09/09 12:50:25.402, 20874, 24467, 0, 0, 3.06, 180, 33
2026/09/09 12:50:26.402, 20874, 24467, 0, 0, 3.05, 180, 33
2026/09/09 12:50:27.403, 20874, 24467, 0, 0, 3.43, 180, 33
2026/09/09 12:50:28.403, 20874, 24467, 0, 0, 3.04, 180, 33
2026/09/09 12:50:29.404, 20874, 24467, 0, 0, 3.14, 180, 33
2026/09/09 12:50:30.404, 20874, 24467, 0, 0, 3.20, 180, 33
2026/09/09 12:50:31.404, 20874, 24467, 0, 0, 3.14, 180, 33
2026/09/09 12:50:32.405, 20874, 24467, 0, 0, 3.48, 180, 33
2026/09/09 12:50:33.405, 20874, 24467, 0, 0, 3.55, 180, 33
2026/09/09 12:50:34.405, 20874, 24467, 0, 0, 3.63, 180, 33
2026/09/09 12:50:35.406, 20874, 24467, 0, 0, 4.49, 180, 33
2026/09/09 12:50:36.406, 20874, 24467, 0, 0, 3.82, 180, 33
2026/09/09 12:50:37.407, 20874, 24467, 0, 0, 3.11, 180, 33
2026/09/09 12:50:38.407, 20874, 24467, 0, 0, 3.07, 180, 33
2026/09/09 12:50:39.407, 20874, 24467, 0, 0, 3.04, 180, 33
2026/09/09 12:50:40.407, 20874, 24467, 0, 0, 3.17, 180, 32
2026/09/09 12:50:41.408, 20874, 24467, 0, 0, 3.15, 180, 32
2026/09/09 12:50:42.408, 20874, 24467, 0, 0, 3.03, 180, 32
2026/09/09 12:50:43.408, 20874, 24467, 0, 0, 3.08, 180, 32
2026/09/09 12:50:44.409, 20874, 24467, 0, 0, 3.11, 180, 32
2026/09/09 12:50:45.409, 20874, 24467, 0, 0, 2.98, 180, 32
2026/09/09 12:50:46.409, 20874, 24467, 0, 0, 2.99, 180, 32
2026/09/09 12:50:47.410, 20874, 24467, 0, 0, 3.73, 180, 32
2026/09/09 12:50:48.410, 20874, 24467, 0, 0, 3.34, 180, 32
2026/09/09 12:50:49.410, 20874, 24467, 0, 0, 3.00, 180, 32
2026/09/09 12:50:50.410, 20874, 24467, 0, 0, 2.97, 180, 32
2026/09/09 12:50:51.411, 20874, 24467, 0, 0, 3.06, 180, 32
2026/09/09 12:50:52.411, 20874, 24467, 0, 0, 3.05, 180, 32
2026/09/09 12:50:53.411, 20874, 24467, 0, 0, 3.05, 180, 32
2026/09/09 12:50:54.412, 20874, 24467, 0, 0, 3.03, 180, 32
2026/09/09 12:50:55.412, 20874, 24467, 0, 0, 3.08, 180, 32
2026/09/09 12:50:56.412, 20874, 24467, 0, 0, 3.73, 180, 32
2026/09/09 12:50:57.413, 20874, 24467, 0, 0, 3.42, 172, 32
2026/09/09 12:50:58.413, 20874, 24467, 0, 0, 3.46, 180, 32
2026/09/09 12:50:59.413, 20874, 24467, 0, 0, 3.78, 180, 32
2026/09/09 12:51:00.413, 20874, 24467, 0, 0, 3.45, 180, 32
2026/09/09 12:51:01.414, 20874, 24467, 0, 0, 3.22, 180, 32
2026/09/09 12:51:02.414, 20874, 24467, 0, 0, 3.14, 180, 32
2026/09/09 12:51:03.414, 20874, 24467, 0, 0, 3.08, 180, 32
2026/09/09 12:51:04.415, 20874, 24467, 0, 0, 3.08, 180, 32
2026/09/09 12:51:05.415, 20874, 24467, 0, 0, 3.17, 180, 32
2026/09/09 12:51:06.415, 20874, 24467, 0, 0, 3.15, 180, 31
2026/09/09 12:51:07.416, 20874, 24467, 0, 0, 3.23, 180, 31
2026/09/09 12:51:08.416, 20874, 24467, 0, 0, 3.19, 180, 31
2026/09/09 12:51:09.416, 20874, 24467, 0, 0, 3.02, 180, 31
2026/09/09 12:51:10.416, 20874, 24467, 0, 0, 3.01, 180, 31
2026/09/09 12:51:11.417, 20874, 24467, 0, 0, 3.06, 172, 31
2026/09/09 12:51:12.417, 20874, 24467, 0, 0, 3.16, 180, 31
2026/09/09 12:51:13.417, 20874, 24467, 0, 0, 3.16, 180, 31
2026/09/09 12:51:14.418, 20874, 24467, 0, 0, 3.16, 180, 31
2026/09/09 12:51:15.418, 20874, 24467, 0, 0, 3.83, 180, 31
2026/09/09 12:51:16.418, 20874, 24467, 0, 0, 3.50, 180, 31
2026/09/09 12:51:17.419, 20874, 24467, 0, 0, 3.19, 180, 31
2026/09/09 12:51:18.419, 20874, 24467, 0, 0, 3.17, 180, 31
2026/09/09 12:51:19.419, 20874, 24467, 0, 0, 3.10, 180, 31
2026/09/09 12:51:20.420, 20874, 24467, 0, 0, 3.13, 180, 31
2026/09/09 12:51:21.420, 20874, 24467, 0, 0, 3.17, 180, 31
2026/09/09 12:51:22.420, 20874, 24467, 0, 0, 3.24, 180, 31
2026/09/09 12:51:23.421, 20874, 24467, 0, 0, 3.27, 180, 31
2026/09/09 12:51:24.421, 20874, 24467, 0, 0, 3.18, 180, 31
2026/09/09 12:51:25.421, 20874, 24467, 0, 0, 3.25, 180, 31
2026/09/09 12:51:26.422, 20874, 24467, 0, 0, 3.26, 180, 31
2026/09/09 12:51:27.422, 20874, 24467, 0, 0, 3.82, 180, 31
2026/09/09 12:51:28.422, 20874, 24467, 0, 0, 3.57, 180, 31
2026/09/09 12:51:29.423, 20874, 24467, 0, 0, 3.34, 180, 31
2026/09/09 12:51:30.423, 20874, 24467, 0, 0, 3.91, 180, 31
2026/09/09 12:51:31.423, 20874, 24467, 0, 0, 3.24, 180, 31
2026/09/09 12:51:32.424, 20874, 24467, 0, 0, 3.91, 180, 31
2026/09/09 12:51:33.424, 20874, 24467, 0, 0, 3.75, 180, 31
2026/09/09 12:51:34.424, 20874, 24467, 0, 0, 3.43, 180, 31
2026/09/09 12:51:35.425, 20874, 24467, 0, 0, 3.14, 180, 31
2026/09/09 12:51:36.425, 20874, 24467, 0, 0, 3.21, 180, 31
2026/09/09 12:51:37.426, 20874, 24467, 0, 0, 3.20, 180, 31
2026/09/09 12:51:38.426, 20874, 24467, 0, 0, 3.17, 180, 31
2026/09/09 12:51:39.426, 20874, 24467, 0, 0, 3.12, 180, 31
2026/09/09 12:51:40.427, 20874, 24467, 0, 0, 3.18, 180, 31
2026/09/09 12:51:41.427, 20874, 24467, 0, 0, 3.15, 180, 30
2026/09/09 12:51:42.427, 20874, 24467, 0, 0, 3.09, 180, 30
2026/09/09 12:51:43.428, 20874, 24467, 0, 0, 3.07, 180, 30
2026/09/09 12:51:44.428, 20874, 24467, 0, 0, 3.06, 180, 30
2026/09/09 12:51:45.428, 20874, 24467, 0, 0, 3.14, 180, 30
2026/09/09 12:51:46.429, 20874, 24467, 0, 0, 3.13, 180, 30
2026/09/09 12:51:47.429, 20874, 24467, 0, 0, 3.17, 180, 30
2026/09/09 12:51:48.430, 20874, 24467, 0, 0, 3.15, 180, 30
2026/09/09 12:51:49.430, 20874, 24467, 0, 0, 3.14, 180, 30
2026/09/09 12:51:50.430, 20874, 24467, 0, 0, 3.26, 180, 30
2026/09/09 12:51:51.431, 20874, 24467, 0, 0, 3.22, 180, 30
2026/09/09 12:51:52.431, 20874, 24467, 0, 0, 3.17, 180, 30
2026/09/09 12:51:53.431, 20874, 24467, 0, 0, 3.24, 180, 30
2026/09/09 12:51:54.432, 20874, 24467, 0, 0, 3.23, 180, 30
2026/09/09 12:51:55.432, 20874, 24467, 0, 0, 3.80, 180, 30
2026/09/09 12:51:56.432, 20874, 24467, 0, 0, 3.42, 180, 30
2026/09/09 12:51:57.433, 20874, 24467, 0, 0, 3.14, 180, 30
2026/09/09 12:51:58.433, 20874, 24467, 0, 0, 3.12, 180, 30
2026/09/09 12:51:59.433, 20874, 24467, 0, 0, 3.09, 180, 30
2026/09/09 12:52:00.434, 20874, 24467, 0, 0, 3.14, 180, 30
2026/09/09 12:52:01.434, 20874, 24467, 0, 0, 3.12, 180, 30
2026/09/09 12:52:02.435, 20874, 24467, 0, 0, 3.02, 180, 30
2026/09/09 12:52:03.435, 20874, 24467, 0, 0, 3.05, 180, 30
2026/09/09 12:52:04.435, 20874, 24467, 0, 0, 3.04, 180, 30
2026/09/09 12:52:05.436, 20874, 24467, 0, 0, 3.01, 180, 30
2026/09/09 12:52:06.436, 20874, 24467, 0, 0, 3.03, 180, 30
2026/09/09 12:52:07.436, 20874, 24467, 0, 0, 3.08, 180, 30
2026/09/09 12:52:08.437, 20874, 24467, 0, 0, 3.09, 180, 30
2026/09/09 12:52:09.437, 20874, 24467, 0, 0, 3.11, 180, 30
2026/09/09 12:52:10.437, 20874, 24467, 0, 0, 3.22, 180, 30
2026/09/09 12:52:11.438, 20874, 24467, 0, 0, 3.14, 180, 30
2026/09/09 12:52:12.438, 20874, 24467, 0, 0, 3.07, 180, 30
2026/09/09 12:52:13.438, 20874, 24467, 0, 0, 3.09, 180, 30
2026/09/09 12:52:14.439, 20874, 24467, 0, 0, 3.15, 180, 30
2026/09/09 12:52:15.439, 20874, 24467, 0, 0, 3.14, 180, 30
2026/09/09 12:52:16.439, 20874, 24467, 0, 0, 3.01, 180, 30
2026/09/09 12:52:17.440, 20874, 24467, 0, 0, 3.01, 180, 30
2026/09/09 12:52:18.440, 20874, 24467, 0, 0, 3.68, 180, 30
2026/09/09 12:52:19.440, 20874, 24467, 0, 0, 3.36, 180, 30
2026/09/09 12:52:20.441, 20874, 24467, 0, 0, 3.02, 180, 30
2026/09/09 12:52:21.441, 20874, 24467, 0, 0, 3.39, 180, 30
2026/09/09 12:52:22.441, 20874, 24467, 0, 0, 3.01, 180, 30
2026/09/09 12:52:23.442, 20874, 24467, 0, 0, 3.00, 180, 30
2026/09/09 12:52:24.442, 20874, 24467, 0, 0, 3.05, 180, 30
2026/09/09 12:52:25.442, 20874, 24467, 0, 0, 3.06, 180, 30
2026/09/09 12:52:26.443, 20874, 24467, 0, 0, 3.75, 180, 30
2026/09/09 12:52:27.443, 20874, 24467, 0, 0, 3.44, 180, 30
2026/09/09 12:52:28.443, 20874, 24467, 0, 0, 3.17, 180, 30
2026/09/09 12:52:29.444, 20874, 24467, 0, 0, 3.27, 180, 30
2026/09/09 12:52:30.444, 20874, 24467, 0, 0, 3.36, 180, 30
2026/09/09 12:52:31.444, 20874, 24467, 0, 0, 3.13, 180, 30
2026/09/09 12:52:32.445, 20874, 24467, 0, 0, 3.51, 180, 30
2026/09/09 12:52:33.445, 20874, 24467, 0, 0, 3.22, 180, 30
2026/09/09 12:52:34.446, 20874, 24467, 0, 0, 3.27, 180, 30
2026/09/09 12:52:35.446, 20874, 24467, 0, 0, 3.39, 180, 30
2026/09/09 12:52:36.446, 20874, 24467, 0, 0, 3.34, 172, 30
2026/09/09 12:52:37.447, 20874, 24467, 0, 0, 3.34, 180, 30
2026/09/09 12:52:38.447, 20874, 24467, 0, 0, 3.36, 180, 30
2026/09/09 12:52:39.447, 20874, 24467, 0, 0, 3.34, 180, 30
2026/09/09 12:52:40.448, 20874, 24467, 0, 0, 3.35, 180, 29
2026/09/09 12:52:41.448, 20874, 24467, 0, 0, 3.45, 180, 29
2026/09/09 12:52:42.448, 20874, 24467, 0, 0, 3.33, 180, 29
2026/09/09 12:52:43.449, 20874, 24467, 0, 0, 3.22, 172, 29
2026/09/09 12:52:44.449, 20874, 24467, 0, 0, 3.32, 180, 29
2026/09/09 12:52:45.449, 20874, 24467, 0, 0, 3.27, 180, 29
2026/09/09 12:52:46.450, 20874, 24467, 0, 0, 3.16, 180, 29
2026/09/09 12:52:47.450, 20874, 24467, 0, 0, 3.24, 180, 29
2026/09/09 12:52:48.450, 20874, 24467, 0, 0, 3.29, 180, 29
2026/09/09 12:52:49.451, 20874, 24467, 0, 0, 3.24, 180, 29
2026/09/09 12:52:50.451, 20874, 24467, 0, 0, 3.32, 180, 29
2026/09/09 12:52:51.451, 20874, 24467, 0, 0, 3.35, 180, 29
2026/09/09 12:52:52.452, 20874, 24467, 0, 0, 3.32, 180, 29
2026/09/09 12:52:53.452, 20874, 24467, 0, 0, 3.24, 180, 29
2026/09/09 12:52:54.452, 20874, 24467, 0, 0, 3.31, 180, 29
2026/09/09 12:52:55.453, 20874, 24467, 0, 0, 3.33, 180, 29
2026/09/09 12:52:56.453, 20874, 24467, 0, 0, 3.26, 180, 29
2026/09/09 12:52:57.453, 20874, 24467, 0, 0, 3.22, 180, 29
2026/09/09 12:52:58.454, 20874, 24467, 0, 0, 3.19, 180, 29
2026/09/09 12:52:59.454, 20874, 24467, 0, 0, 3.25, 180, 29
2026/09/09 12:53:00.454, 20874, 24467, 0, 0, 3.35, 180, 29
2026/09/09 12:53:01.455, 20874, 24467, 0, 0, 3.34, 180, 29
2026/09/09 12:53:02.455, 20874, 24467, 0, 0, 3.33, 180, 29
2026/09/09 12:53:03.455, 20874, 24467, 0, 0, 3.29, 180, 29
2026/09/09 12:53:04.456, 20874, 24467, 0, 0, 3.40, 180, 29
2026/09/09 12:53:05.456, 20874, 24467, 0, 0, 3.34, 180, 29
2026/09/09 12:53:06.456, 20874, 24467, 0, 0, 3.36, 180, 29
2026/09/09 12:53:07.457, 20874, 24467, 0, 0, 3.32, 180, 29
2026/09/09 12:53:08.457, 20874, 24467, 0, 0, 3.31, 180, 29
2026/09/09 12:53:09.458, 20874, 24467, 0, 0, 3.30, 180, 29
2026/09/09 12:53:10.458, 20874, 24467, 0, 0, 3.32, 180, 29
2026/09/09 12:53:11.458, 20874, 24467, 0, 0, 3.32, 180, 29
2026/09/09 12:53:12.459, 20874, 24467, 0, 0, 3.88, 180, 29
2026/09/09 12:53:13.459, 20874, 24467, 0, 0, 3.97, 180, 29
2026/09/09 12:53:14.459, 20874, 24467, 0, 0, 3.20, 180, 29
2026/09/09 12:53:15.460, 20874, 24467, 0, 0, 3.20, 180, 29
2026/09/09 12:53:16.460, 20874, 24467, 0, 0, 3.30, 180, 29
2026/09/09 12:53:17.460, 20874, 24467, 0, 0, 3.29, 180, 29
2026/09/09 12:53:18.461, 20874, 24467, 0, 0, 3.25, 180, 29
2026/09/09 12:53:19.461, 20874, 24467, 0, 0, 3.29, 180, 29
2026/09/09 12:53:20.461, 20874, 24467, 0, 0, 3.42, 180, 29
2026/09/09 12:53:21.462, 20874, 24467, 0, 0, 3.22, 180, 29
2026/09/09 12:53:22.462, 20874, 24467, 0, 0, 3.23, 180, 29
2026/09/09 12:53:23.463, 20874, 24467, 0, 0, 3.22, 180, 29
2026/09/09 12:53:24.463, 20874, 24467, 0, 0, 3.20, 180, 29
2026/09/09 12:53:25.463, 20874, 24467, 0, 0, 3.31, 180, 29
2026/09/09 12:53:26.464, 20874, 24467, 0, 0, 3.22, 180, 29
2026/09/09 12:53:27.464, 20874, 24467, 0, 0, 3.21, 180, 29
2026/09/09 12:53:28.464, 20874, 24467, 0, 0, 3.34, 180, 29
2026/09/09 12:53:29.465, 20874, 24467, 0, 0, 3.34, 180, 29
2026/09/09 12:53:30.465, 20874, 24467, 0, 0, 3.29, 180, 29
2026/09/09 12:53:31.465, 20874, 24467, 0, 0, 3.20, 180, 29
2026/09/09 12:53:32.466, 20874, 24467, 0, 0, 3.15, 180, 29
2026/09/09 12:53:33.466, 20874, 24467, 0, 0, 3.25, 180, 29
2026/09/09 12:53:34.466, 20874, 24467, 0, 0, 3.13, 180, 29
2026/09/09 12:53:35.467, 20874, 24467, 0, 0, 3.16, 180, 29
2026/09/09 12:53:36.467, 20874, 24467, 0, 0, 3.17, 180, 29
2026/09/09 12:53:37.467, 20874, 24467, 0, 0, 3.23, 180, 29
2026/09/09 12:53:38.468, 20874, 24467, 0, 0, 3.20, 180, 29
2026/09/09 12:53:39.468, 20874, 24467, 0, 0, 3.20, 180, 29
2026/09/09 12:53:40.468, 20874, 24467, 0, 0, 3.17, 180, 29
2026/09/09 12:53:41.469, 20874, 24467, 0, 0, 3.17, 180, 29
2026/09/09 12:53:42.469, 20874, 24467, 0, 0, 3.20, 180, 29
2026/09/09 12:53:43.469, 20874, 24467, 0, 0, 3.18, 180, 29
2026/09/09 12:53:44.470, 20874, 24467, 0, 0, 3.17, 180, 29
2026/09/09 12:53:45.470, 20874, 24467, 0, 0, 3.20, 180, 29
2026/09/09 12:53:46.471, 20874, 24467, 0, 0, 3.08, 180, 29
2026/09/09 12:53:47.471, 20874, 24467, 0, 0, 3.06, 180, 29
2026/09/09 12:53:48.471, 20874, 24467, 0, 0, 3.07, 180, 29
2026/09/09 12:53:49.472, 20874, 24467, 0, 0, 3.12, 180, 29
2026/09/09 12:53:50.472, 20874, 24467, 0, 0, 3.13, 180, 29
2026/09/09 12:53:51.472, 20874, 24467, 0, 0, 3.11, 180, 29
2026/09/09 12:53:52.473, 20874, 24467, 0, 0, 3.03, 180, 29
2026/09/09 12:53:53.473, 20874, 24467, 0, 0, 3.03, 180, 29
2026/09/09 12:53:54.473, 20874, 24467, 0, 0, 3.11, 180, 29
2026/09/09 12:53:55.474, 20874, 24467, 0, 0, 3.18, 180, 29
2026/09/09 12:53:56.474, 20874, 24467, 0, 0, 3.10, 180, 29
2026/09/09 12:53:57.474, 20874, 24467, 0, 0, 3.04, 180, 29
2026/09/09 12:53:58.475, 20874, 24467, 0, 0, 2.99, 180, 29
2026/09/09 12:53:59.475, 20874, 24467, 0, 0, 3.02, 180, 29
2026/09/09 12:54:00.475, 20874, 24467, 0, 0, 3.06, 180, 29
2026/09/09 12:54:01.476, 20874, 24467, 0, 0, 3.14, 180, 29
2026/09/09 12:54:02.476, 20874, 24467, 0, 0, 3.11, 180, 29
2026/09/09 12:54:03.476, 20874, 24467, 0, 0, 3.21, 180, 29
2026/09/09 12:54:04.477, 20874, 24467, 0, 0, 3.10, 180, 29
2026/09/09 12:54:05.477, 20874, 24467, 0, 0, 2.98, 180, 29
2026/09/09 12:54:06.477, 20874, 24467, 0, 0, 3.04, 180, 29
2026/09/09 12:54:07.478, 20874, 24467, 0, 0, 3.14, 180, 29
2026/09/09 12:54:08.478, 20874, 24467, 0, 0, 3.12, 180, 29
2026/09/09 12:54:09.478, 20874, 24467, 0, 0, 3.27, 180, 29
2026/09/09 12:54:10.479, 20874, 24467, 0, 0, 3.26, 180, 29
2026/09/09 12:54:11.479, 20874, 24467, 0, 0, 3.39, 180, 29
2026/09/09 12:54:12.479, 20874, 24467, 0, 0, 3.34, 180, 29
2026/09/09 12:54:13.480, 20874, 24467, 0, 0, 3.83, 180, 29
2026/09/09 12:54:14.480, 20874, 24467, 0, 0, 3.16, 180, 29
2026/09/09 12:54:15.481, 20874, 24467, 0, 0, 3.14, 180, 29
2026/09/09 12:54:16.481, 20874, 24467, 0, 0, 3.13, 180, 29
2026/09/09 12:54:17.481, 20874, 24467, 0, 0, 3.13, 180, 29
2026/09/09 12:54:18.481, 20874, 24467, 0, 0, 3.17, 180, 29
2026/09/09 12:54:19.482, 20874, 24467, 0, 0, 3.90, 180, 29
2026/09/09 12:54:20.482, 20874, 24467, 0, 0, 3.57, 180, 29
2026/09/09 12:54:21.482, 20874, 24467, 0, 0, 3.29, 180, 29
2026/09/09 12:54:22.483, 20874, 24467, 0, 0, 3.30, 172, 29
2026/09/09 12:54:23.483, 20874, 24467, 0, 0, 3.31, 180, 29
2026/09/09 12:54:24.483, 20874, 24467, 0, 0, 3.31, 180, 29
2026/09/09 12:54:25.484, 20874, 24467, 0, 0, 3.38, 180, 29
2026/09/09 12:54:26.484, 20874, 24467, 0, 0, 3.29, 180, 29
2026/09/09 12:54:27.484, 20874, 24467, 0, 0, 3.12, 180, 29
2026/09/09 12:54:28.485, 20874, 24467, 0, 0, 3.13, 180, 29
2026/09/09 12:54:29.485, 20874, 24467, 0, 0, 3.46, 172, 29
2026/09/09 12:54:30.485, 20874, 24467, 0, 0, 3.27, 180, 29
2026/09/09 12:54:31.486, 20874, 24467, 0, 0, 3.29, 180, 29
2026/09/09 12:54:32.486, 20874, 24467, 0, 0, 3.26, 180, 29
2026/09/09 12:54:33.486, 20874, 24467, 0, 0, 3.21, 180, 29
2026/09/09 12:54:34.487, 20874, 24467, 0, 0, 3.10, 180, 29
2026/09/09 12:54:35.487, 20874, 24467, 0, 0, 3.11, 180, 29
2026/09/09 12:54:36.487, 20874, 24467, 0, 0, 3.15, 180, 29
2026/09/09 12:54:37.488, 20874, 24467, 0, 0, 3.11, 180, 29
2026/09/09 12:54:38.488, 20874, 24467, 0, 0, 3.11, 180, 29
2026/09/09 12:54:39.489, 20874, 24467, 0, 0, 3.11, 180, 29
2026/09/09 12:54:40.489, 20874, 24467, 0, 0, 3.22, 180, 29
2026/09/09 12:54:41.489, 20874, 24467, 0, 0, 3.22, 180, 29
2026/09/09 12:54:42.490, 20874, 24467, 0, 0, 3.85, 180, 29
2026/09/09 12:54:43.490, 20874, 24467, 0, 0, 3.55, 180, 29
2026/09/09 12:54:44.490, 20874, 24467, 0, 0, 3.16, 180, 29
2026/09/09 12:54:45.490, 20874, 24467, 0, 0, 3.15, 180, 29
2026/09/09 12:54:46.491, 20874, 24467, 0, 0, 3.13, 180, 29
2026/09/09 12:54:47.491, 20874, 24467, 0, 0, 3.08, 180, 29
2026/09/09 12:54:48.492, 20874, 24467, 0, 0, 3.11, 180, 29
2026/09/09 12:54:49.492, 20874, 24467, 0, 0, 3.15, 180, 29
2026/09/09 12:54:50.492, 20874, 24467, 0, 0, 3.16, 180, 29
2026/09/09 12:54:51.493, 20874, 24467, 0, 0, 3.12, 180, 29
2026/09/09 12:54:52.493, 20874, 24467, 0, 0, 3.11, 180, 29
2026/09/09 12:54:53.493, 20874, 24467, 0, 0, 3.12, 180, 29
2026/09/09 12:54:54.494, 20874, 24467, 0, 0, 3.11, 180, 29
2026/09/09 12:54:55.494, 20874, 24467, 0, 0, 3.14, 180, 29
2026/09/09 12:54:56.494, 20874, 24467, 0, 0, 3.15, 180, 29
2026/09/09 12:54:57.495, 20874, 24467, 0, 0, 3.16, 180, 29
2026/09/09 12:54:58.495, 20874, 24467, 0, 0, 3.04, 180, 29
2026/09/09 12:54:59.495, 20874, 24467, 0, 0, 3.08, 180, 29
2026/09/09 12:55:00.496, 20874, 24467, 0, 0, 3.10, 180, 29
2026/09/09 12:55:01.496, 20874, 24467, 0, 0, 3.18, 180, 29
2026/09/09 12:55:02.496, 20874, 24467, 0, 0, 3.18, 180, 29
2026/09/09 12:55:03.497, 20874, 24467, 0, 0, 3.15, 180, 29
2026/09/09 12:55:04.497, 20874, 24467, 0, 0, 3.11, 180, 29
2026/09/09 12:55:05.497, 20874, 24467, 0, 0, 3.07, 180, 29
2026/09/09 12:55:06.498, 20874, 24467, 0, 0, 3.09, 180, 29
2026/09/09 12:55:07.498, 20874, 24467, 0, 0, 3.04, 180, 29
2026/09/09 12:55:08.498, 20874, 24467, 0, 0, 3.08, 180, 29
2026/09/09 12:55:09.499, 20874, 24467, 0, 0, 3.08, 180, 29
2026/09/09 12:55:10.499, 20874, 24467, 0, 0, 3.04, 180, 29
2026/09/09 12:55:11.499, 20874, 24467, 0, 0, 3.03, 180, 29
2026/09/09 12:55:12.500, 20874, 24467, 0, 0, 3.07, 180, 28
2026/09/09 12:55:13.500, 20874, 24467, 0, 0, 3.15, 180, 29
2026/09/09 12:55:14.500, 20874, 24467, 0, 0, 3.20, 180, 29
2026/09/09 12:55:15.500, 20874, 24467, 0, 0, 3.33, 180, 29
2026/09/09 12:55:16.501, 20874, 24467, 0, 0, 3.33, 180, 29
2026/09/09 12:55:17.501, 20874, 24467, 0, 0, 3.17, 180, 29
2026/09/09 12:55:18.502, 20874, 24467, 0, 0, 3.19, 180, 28
2026/09/09 12:55:19.502, 20874, 24467, 0, 0, 3.15, 180, 29
2026/09/09 12:55:20.502, 20874, 24467, 0, 0, 3.11, 180, 28
2026/09/09 12:55:21.503, 20874, 24467, 0, 0, 3.20, 180, 28
2026/09/09 12:55:22.503, 20874, 24467, 0, 0, 3.15, 180, 28
2026/09/09 12:55:23.503, 20874, 24467, 0, 0, 3.12, 180, 28
2026/09/09 12:55:24.504, 20874, 24467, 0, 0, 3.20, 180, 29
2026/09/09 12:55:25.504, 20874, 24467, 0, 0, 3.09, 180, 28
2026/09/09 12:55:26.504, 20874, 24467, 0, 0, 3.09, 180, 28
2026/09/09 12:55:27.505, 20874, 24467, 0, 0, 3.06, 180, 28
2026/09/09 12:55:28.505, 20874, 24467, 0, 0, 3.09, 180, 28
2026/09/09 12:55:29.505, 20874, 24467, 0, 0, 3.09, 180, 28
2026/09/09 12:55:30.506, 20874, 24467, 0, 0, 3.10, 180, 28
2026/09/09 12:55:31.506, 20874, 24467, 0, 0, 3.15, 180, 28
2026/09/09 12:55:32.506, 20874, 24467, 0, 0, 3.08, 180, 28
2026/09/09 12:55:33.507, 20874, 24467, 0, 0, 3.09, 180, 28
2026/09/09 12:55:34.507, 20874, 24467, 0, 0, 3.08, 180, 28
2026/09/09 12:55:35.507, 20874, 24467, 0, 0, 3.00, 180, 28
2026/09/09 12:55:36.508, 20874, 24467, 0, 0, 3.09, 180, 28
2026/09/09 12:55:37.508, 20874, 24467, 0, 0, 3.04, 180, 28
2026/09/09 12:55:38.508, 20874, 24467, 0, 0, 3.07, 180, 28
2026/09/09 12:55:39.509, 20874, 24467, 0, 0, 3.13, 180, 28
2026/09/09 12:55:40.509, 20874, 24467, 0, 0, 3.10, 180, 28
2026/09/09 12:55:41.509, 20874, 24467, 0, 0, 3.06, 180, 28
2026/09/09 12:55:42.510, 20874, 24467, 0, 0, 3.02, 180, 28
2026/09/09 12:55:43.510, 20874, 24467, 0, 0, 3.09, 180, 28
2026/09/09 12:55:44.511, 20874, 24467, 0, 0, 3.06, 180, 28
2026/09/09 12:55:45.511, 20874, 24467, 0, 0, 2.98, 180, 28
2026/09/09 12:55:46.511, 20874, 24467, 0, 0, 3.05, 180, 28
2026/09/09 12:55:47.512, 20874, 24467, 0, 0, 3.06, 180, 28
2026/09/09 12:55:48.512, 20874, 24467, 0, 0, 3.05, 180, 28
2026/09/09 12:55:49.512, 20874, 24467, 0, 0, 3.09, 180, 28
2026/09/09 12:55:50.513, 20874, 24467, 0, 0, 3.08, 180, 28
2026/09/09 12:55:51.513, 20874, 24467, 0, 0, 3.09, 180, 28
2026/09/09 12:55:52.513, 20874, 24467, 0, 0, 3.10, 180, 28
2026/09/09 12:55:53.514, 20874, 24467, 0, 0, 3.05, 180, 28
2026/09/09 12:55:54.514, 20874, 24467, 0, 0, 3.04, 172, 28
2026/09/09 12:55:55.515, 20874, 24467, 0, 0, 3.06, 180, 28
2026/09/09 12:55:56.515, 20874, 24467, 0, 0, 2.93, 180, 28
2026/09/09 12:55:57.515, 20874, 24467, 0, 0, 2.92, 180, 28
2026/09/09 12:55:58.516, 20874, 24467, 0, 0, 2.99, 180, 28
2026/09/09 12:55:59.516, 20874, 24467, 0, 0, 3.00, 180, 28
2026/09/09 12:56:00.516, 20874, 24467, 0, 0, 3.05, 180, 28
2026/09/09 12:56:01.517, 20874, 24467, 0, 0, 3.10, 180, 28
2026/09/09 12:56:02.517, 20874, 24467, 0, 0, 3.07, 180, 28
2026/09/09 12:56:03.517, 20874, 24467, 0, 0, 3.04, 180, 28
2026/09/09 12:56:04.518, 20874, 24467, 0, 0, 3.04, 180, 28
2026/09/09 12:56:05.518, 20874, 24467, 0, 0, 3.03, 180, 28
2026/09/09 12:56:06.518, 20874, 24467, 0, 0, 3.04, 180, 28
2026/09/09 12:56:07.519, 20874, 24467, 0, 0, 3.00, 180, 28
2026/09/09 12:56:08.519, 20874, 24467, 0, 0, 2.98, 172, 28
2026/09/09 12:56:09.520, 20874, 24467, 0, 0, 3.07, 180, 28
2026/09/09 12:56:10.520, 20874, 24467, 0, 0, 2.99, 180, 28
2026/09/09 12:56:11.520, 20874, 24467, 0, 0, 2.90, 180, 28
2026/09/09 12:56:12.521, 20874, 24467, 0, 0, 2.87, 180, 28
2026/09/09 12:56:13.521, 20874, 24467, 0, 0, 2.90, 180, 28
2026/09/09 12:56:14.521, 20874, 24467, 0, 0, 2.89, 180, 28
2026/09/09 12:56:15.522, 20874, 24467, 0, 0, 2.92, 180, 28
2026/09/09 12:56:16.522, 20874, 24467, 0, 0, 2.91, 180, 28
2026/09/09 12:56:17.522, 20874, 24467, 0, 0, 2.99, 180, 28
2026/09/09 12:56:18.523, 20874, 24467, 0, 0, 3.05, 180, 28
2026/09/09 12:56:19.523, 20874, 24467, 0, 0, 3.02, 180, 28
2026/09/09 12:56:20.523, 20874, 24467, 0, 0, 2.98, 180, 28
2026/09/09 12:56:21.524, 20874, 24467, 0, 0, 2.98, 180, 28
2026/09/09 12:56:22.524, 20874, 24467, 0, 0, 3.01, 180, 28
2026/09/09 12:56:23.524, 20874, 24467, 0, 0, 2.99, 180, 28
2026/09/09 12:56:24.525, 20874, 24467, 0, 0, 3.02, 180, 28
2026/09/09 12:56:25.525, 20874, 24467, 0, 0, 3.05, 180, 28
2026/09/09 12:56:26.525, 20874, 24467, 0, 0, 3.06, 180, 28
2026/09/09 12:56:27.526, 20874, 24467, 0, 0, 3.04, 180, 28
2026/09/09 12:56:28.526, 20874, 24467, 0, 0, 3.03, 180, 28
2026/09/09 12:56:29.527, 20874, 24467, 0, 0, 3.04, 180, 28
2026/09/09 12:56:30.527, 20874, 24467, 0, 0, 3.07, 180, 28
2026/09/09 12:56:31.527, 20874, 24467, 0, 0, 3.10, 180, 28
2026/09/09 12:56:32.528, 20874, 24467, 0, 0, 3.08, 180, 28
2026/09/09 12:56:33.528, 20874, 24467, 0, 0, 2.98, 180, 28
2026/09/09 12:56:34.528, 20874, 24467, 0, 0, 3.12, 180, 28
2026/09/09 12:56:35.529, 20874, 24467, 0, 0, 3.11, 180, 28
2026/09/09 12:56:36.529, 20874, 24467, 0, 0, 3.12, 180, 28
2026/09/09 12:56:37.529, 20874, 24467, 0, 0, 3.08, 180, 28
2026/09/09 12:56:38.530, 20874, 24467, 0, 0, 3.27, 180, 28
2026/09/09 12:56:39.530, 20874, 24467, 0, 0, 3.20, 180, 28
2026/09/09 12:56:40.530, 20874, 24467, 0, 0, 3.14, 180, 28
2026/09/09 12:56:41.531, 20874, 24467, 0, 0, 3.14, 180, 28
2026/09/09 12:56:42.531, 20874, 24467, 0, 0, 3.09, 180, 28
2026/09/09 12:56:43.531, 20874, 24467, 0, 0, 3.04, 180, 28
2026/09/09 12:56:44.532, 20874, 24467, 0, 0, 2.99, 180, 28
2026/09/09 12:56:45.532, 20874, 24467, 0, 0, 3.01, 180, 28
2026/09/09 12:56:46.532, 20874, 24467, 0, 0, 3.10, 180, 28
2026/09/09 12:56:47.533, 20874, 24467, 0, 0, 3.11, 180, 28
2026/09/09 12:56:48.533, 20874, 24467, 0, 0, 3.13, 180, 28
2026/09/09 12:56:49.534, 20874, 24467, 0, 0, 3.17, 180, 28
2026/09/09 12:56:50.534, 20874, 24467, 0, 0, 3.13, 180, 28
2026/09/09 12:56:51.534, 20874, 24467, 0, 0, 3.16, 180, 28
2026/09/09 12:56:52.535, 20874, 24467, 0, 0, 3.03, 180, 28
2026/09/09 12:56:53.535, 20874, 24467, 0, 0, 3.01, 180, 28
2026/09/09 12:56:54.535, 20874, 24467, 0, 0, 2.95, 180, 28
2026/09/09 12:56:55.536, 20874, 24467, 0, 0, 3.10, 180, 28
2026/09/09 12:56:56.536, 20874, 24467, 0, 0, 3.04, 180, 28
2026/09/09 12:56:57.536, 20874, 24467, 0, 0, 3.04, 180, 28
2026/09/09 12:56:58.537, 20874, 24467, 0, 0, 3.02, 180, 28
2026/09/09 12:56:59.537, 20874, 24467, 0, 0, 3.03, 180, 28
2026/09/09 12:57:00.537, 20874, 24467, 0, 0, 3.24, 180, 28
2026/09/09 12:57:01.538, 20874, 24467, 0, 0, 3.16, 180, 28
2026/09/09 12:57:02.538, 20874, 24467, 0, 0, 3.05, 180, 28
2026/09/09 12:57:03.538, 20874, 24467, 0, 0, 3.03, 180, 28
2026/09/09 12:57:04.539, 20874, 24467, 0, 0, 3.06, 180, 28
2026/09/09 12:57:05.539, 20874, 24467, 0, 0, 3.09, 180, 28
2026/09/09 12:57:06.540, 20874, 24467, 0, 0, 3.14, 180, 28
2026/09/09 12:57:07.540, 20874, 24467, 0, 0, 3.13, 180, 28
2026/09/09 12:57:08.540, 20874, 24467, 0, 0, 3.03, 180, 28
2026/09/09 12:57:09.541, 20874, 24467, 0, 0, 3.02, 180, 28
2026/09/09 12:57:10.541, 20874, 24467, 0, 0, 3.03, 180, 28
2026/09/09 12:57:11.541, 20874, 24467, 0, 0, 3.06, 180, 28
2026/09/09 12:57:12.542, 20874, 24467, 0, 0, 3.03, 180, 28
2026/09/09 12:57:13.542, 20874, 24467, 0, 0, 3.05, 180, 28
2026/09/09 12:57:14.542, 20874, 24467, 0, 0, 3.10, 180, 28
2026/09/09 12:57:15.543, 20874, 24467, 0, 0, 3.09, 180, 28
2026/09/09 12:57:16.543, 20874, 24467, 0, 0, 3.09, 180, 28
2026/09/09 12:57:17.543, 20874, 24467, 0, 0, 3.06, 180, 28
2026/09/09 12:57:18.544, 20874, 24467, 0, 0, 3.09, 180, 28
2026/09/09 12:57:19.544, 20874, 24467, 0, 0, 3.12, 180, 28
2026/09/09 12:57:20.544, 20874, 24467, 0, 0, 3.09, 180, 28
2026/09/09 12:57:21.545, 20874, 24467, 0, 0, 3.11, 180, 28
2026/09/09 12:57:22.545, 20874, 24467, 0, 0, 3.11, 180, 28
2026/09/09 12:57:23.545, 20874, 24467, 0, 0, 3.15, 180, 28
2026/09/09 12:57:24.546, 20874, 24467, 0, 0, 3.15, 180, 28
2026/09/09 12:57:25.546, 20874, 24467, 0, 0, 3.20, 180, 28
2026/09/09 12:57:26.546, 20874, 24467, 0, 0, 3.18, 180, 28
2026/09/09 12:57:27.547, 20874, 24467, 0, 0, 3.23, 180, 28
2026/09/09 12:57:28.547, 20874, 24467, 0, 0, 3.25, 180, 28
2026/09/09 12:57:29.547, 20874, 24467, 0, 0, 3.24, 180, 28
2026/09/09 12:57:30.548, 20874, 24467, 0, 0, 3.36, 180, 28
2026/09/09 12:57:31.548, 20874, 24467, 0, 0, 3.28, 180, 28
2026/09/09 12:57:32.548, 20874, 24467, 0, 0, 3.24, 180, 28
2026/09/09 12:57:33.549, 20874, 24467, 0, 0, 3.15, 180, 28
2026/09/09 12:57:34.549, 20874, 24467, 0, 0, 3.08, 180, 28
2026/09/09 12:57:35.549, 20874, 24467, 0, 0, 3.10, 180, 28
2026/09/09 12:57:36.550, 20874, 24467, 0, 0, 2.99, 180, 28
2026/09/09 12:57:37.550, 20874, 24467, 0, 0, 3.02, 180, 28
2026/09/09 12:57:38.550, 20874, 24467, 0, 0, 2.94, 180, 28
2026/09/09 12:57:39.551, 20874, 24467, 0, 0, 2.96, 180, 28
2026/09/09 12:57:40.551, 20874, 24467, 0, 0, 3.01, 172, 28
2026/09/09 12:57:41.551, 20874, 24467, 0, 0, 3.03, 180, 28
2026/09/09 12:57:42.552, 20874, 24467, 0, 0, 3.08, 180, 28
2026/09/09 12:57:43.552, 20874, 24467, 0, 0, 3.12, 180, 28
2026/09/09 12:57:44.552, 20874, 24467, 0, 0, 3.11, 180, 28
2026/09/09 12:57:45.553, 20874, 24467, 0, 0, 3.03, 180, 28
2026/09/09 12:57:46.553, 20874, 24467, 0, 0, 3.01, 180, 28
2026/09/09 12:57:47.553, 20874, 24467, 0, 0, 3.03, 180, 28
2026/09/09 12:57:48.554, 20874, 24467, 0, 0, 2.98, 180, 28
2026/09/09 12:57:49.554, 20874, 24467, 0, 0, 2.98, 180, 28
2026/09/09 12:57:50.554, 20874, 24467, 0, 0, 3.01, 180, 28
2026/09/09 12:57:51.555, 20874, 24467, 0, 0, 3.06, 180, 28
2026/09/09 12:57:52.555, 20874, 24467, 0, 0, 2.98, 180, 28
2026/09/09 12:57:53.555, 20874, 24467, 0, 0, 3.01, 180, 28
2026/09/09 12:57:54.556, 20874, 24467, 0, 0, 3.00, 172, 28
2026/09/09 12:57:55.556, 20874, 24467, 0, 0, 2.97, 180, 28
2026/09/09 12:57:56.556, 20874, 24467, 0, 0, 2.92, 180, 28
2026/09/09 12:57:57.556, 20874, 24467, 0, 0, 2.93, 180, 28
2026/09/09 12:57:58.557, 20874, 24467, 0, 0, 2.94, 180, 28
2026/09/09 12:57:59.557, 20874, 24467, 0, 0, 3.06, 180, 28
2026/09/09 12:58:00.557, 20874, 24467, 0, 0, 3.09, 180, 28
2026/09/09 12:58:01.558, 20874, 24467, 0, 0, 3.07, 180, 28
2026/09/09 12:58:02.558, 20874, 24467, 0, 0, 3.10, 180, 28
2026/09/09 12:58:03.558, 20874, 24467, 0, 0, 3.01, 180, 28
2026/09/09 12:58:04.558, 20874, 24467, 0, 0, 3.02, 180, 28
2026/09/09 12:58:05.559, 20874, 24467, 0, 0, 3.06, 180, 28
2026/09/09 12:58:06.559, 20874, 24467, 0, 0, 2.95, 180, 28
2026/09/09 12:58:07.559, 20874, 24467, 0, 0, 2.95, 180, 28
2026/09/09 12:58:08.560, 20874, 24467, 0, 0, 3.00, 180, 28
2026/09/09 12:58:09.560, 20874, 24467, 0, 0, 2.99, 180, 28
2026/09/09 12:58:10.560, 20874, 24467, 0, 0, 3.09, 180, 28
2026/09/09 12:58:11.561, 20874, 24467, 0, 0, 3.05, 180, 28
2026/09/09 12:58:12.561, 20874, 24467, 0, 0, 3.01, 180, 28
2026/09/09 12:58:13.561, 20874, 24467, 0, 0, 3.11, 180, 28
2026/09/09 12:58:14.562, 20874, 24467, 0, 0, 3.06, 180, 28
2026/09/09 12:58:15.562, 20874, 24467, 0, 0, 2.98, 180, 28
2026/09/09 12:58:16.562, 20874, 24467, 0, 0, 2.96, 180, 28
2026/09/09 12:58:17.562, 20874, 24467, 0, 0, 2.94, 180, 28
2026/09/09 12:58:18.563, 20874, 24467, 0, 0, 2.90, 180, 28
2026/09/09 12:58:19.563, 20874, 24467, 0, 0, 2.87, 180, 28
2026/09/09 12:58:20.563, 20874, 24467, 0, 0, 2.95, 180, 28
2026/09/09 12:58:21.564, 20874, 24467, 0, 0, 2.98, 180, 28
2026/09/09 12:58:22.564, 20874, 24467, 0, 0, 2.96, 180, 28
2026/09/09 12:58:23.564, 20874, 24467, 0, 0, 2.99, 180, 28
2026/09/09 12:58:24.565, 20874, 24467, 0, 0, 2.98, 180, 28
2026/09/09 12:58:25.567, 20874, 24467, 0, 0, 3.05, 180, 28
2026/09/09 12:58:26.567, 20874, 24467, 0, 0, 3.04, 180, 28
2026/09/09 12:58:27.568, 20874, 24467, 0, 0, 3.03, 180, 28
2026/09/09 12:58:28.568, 20874, 24467, 0, 0, 2.99, 180, 28
2026/09/09 12:58:29.568, 20874, 24467, 0, 1, 2.91, 180, 28
2026/09/09 12:58:30.569, 20874, 24467, 0, 0, 3.05, 180, 28
2026/09/09 12:58:31.569, 20874, 24467, 0, 0, 3.03, 180, 28
2026/09/09 12:58:32.569, 20874, 24467, 0, 0, 3.01, 180, 28
2026/09/09 12:58:33.569, 20874, 24467, 0, 0, 2.89, 180, 28
2026/09/09 12:58:34.570, 20874, 24467, 0, 0, 2.90, 180, 28
2026/09/09 12:58:35.570, 20874, 24467, 0, 0, 2.95, 180, 28
2026/09/09 12:58:36.570, 20874, 24467, 0, 0, 2.91, 180, 28
2026/09/09 12:58:37.571, 20874, 24467, 0, 0, 2.85, 180, 28
2026/09/09 12:58:38.571, 20874, 24467, 0, 0, 2.83, 180, 28
2026/09/09 12:58:39.571, 20874, 24467, 0, 0, 2.84, 180, 28
2026/09/09 12:58:40.572, 20874, 24467, 0, 0, 3.00, 180, 28
2026/09/09 12:58:41.572, 20874, 24467, 0, 0, 2.90, 180, 28
2026/09/09 12:58:42.572, 20874, 24467, 0, 0, 2.95, 180, 28
2026/09/09 12:58:43.573, 20874, 24467, 0, 0, 2.94, 180, 28
2026/09/09 12:58:44.573, 20874, 24467, 0, 0, 2.95, 180, 28
2026/09/09 12:58:45.573, 20874, 24467, 0, 0, 3.02, 180, 28
2026/09/09 12:58:46.574, 20874, 24467, 0, 0, 2.95, 180, 28
2026/09/09 12:58:47.574, 20874, 24467, 0, 0, 2.97, 180, 28
2026/09/09 12:58:48.574, 20874, 24467, 0, 0, 2.98, 180, 28
2026/09/09 12:58:49.575, 20874, 24467, 0, 0, 2.92, 180, 28
2026/09/09 12:58:50.575, 20874, 24467, 0, 0, 2.97, 180, 28
2026/09/09 12:58:51.575, 20874, 24467, 0, 0, 3.10, 180, 28
2026/09/09 12:58:52.576, 20874, 24467, 0, 0, 3.06, 180, 28
2026/09/09 12:58:53.576, 20874, 24467, 0, 0, 3.01, 180, 28
2026/09/09 12:58:54.576, 20874, 24467, 0, 0, 2.89, 180, 28
2026/09/09 12:58:55.577, 20874, 24467, 0, 0, 2.99, 180, 28
2026/09/09 12:58:56.577, 20874, 24467, 0, 0, 2.97, 180, 28
2026/09/09 12:58:57.577, 20874, 24467, 0, 0, 3.06, 180, 28
2026/09/09 12:58:58.578, 20874, 24467, 0, 0, 3.04, 180, 28
2026/09/09 12:58:59.578, 20874, 24467, 0, 0, 3.12, 180, 28
2026/09/09 12:59:00.579, 20874, 24467, 0, 0, 3.24, 180, 28
2026/09/09 12:59:01.579, 20874, 24467, 0, 0, 3.18, 180, 28
2026/09/09 12:59:02.579, 20874, 24467, 0, 0, 3.02, 180, 28
2026/09/09 12:59:03.580, 20874, 24467, 0, 0, 3.03, 180, 28
2026/09/09 12:59:04.580, 20874, 24467, 0, 0, 2.99, 180, 28
2026/09/09 12:59:05.580, 20874, 24467, 0, 0, 2.90, 180, 28
2026/09/09 12:59:06.581, 20874, 24467, 0, 0, 2.95, 180, 28
2026/09/09 12:59:07.581, 20874, 24467, 0, 0, 3.01, 180, 28
2026/09/09 12:59:08.582, 20874, 24467, 0, 0, 2.96, 180, 28
2026/09/09 12:59:09.582, 20874, 24467, 0, 0, 2.93, 180, 28
2026/09/09 12:59:10.582, 20874, 24467, 0, 0, 2.89, 180, 28
2026/09/09 12:59:11.582, 20874, 24467, 0, 0, 2.95, 180, 28
2026/09/09 12:59:12.583, 20874, 24467, 0, 0, 2.98, 180, 28
2026/09/09 12:59:13.583, 20874, 24467, 0, 0, 2.99, 180, 28
2026/09/09 12:59:14.583, 20874, 24467, 0, 0, 2.98, 180, 28
2026/09/09 12:59:15.584, 20874, 24467, 0, 0, 2.99, 180, 28
2026/09/09 12:59:16.584, 20874, 24467, 0, 0, 3.10, 180, 28
2026/09/09 12:59:17.584, 20874, 24467, 0, 0, 3.04, 180, 28
2026/09/09 12:59:18.585, 20874, 24467, 0, 0, 3.08, 180, 28
2026/09/09 12:59:19.585, 20874, 24467, 0, 0, 3.14, 172, 28
2026/09/09 12:59:20.585, 20874, 24467, 0, 0, 3.05, 180, 28
2026/09/09 12:59:21.585, 20874, 24467, 0, 0, 2.91, 180, 28
2026/09/09 12:59:22.586, 20874, 24467, 0, 0, 2.89, 180, 28
2026/09/09 12:59:23.586, 20874, 24467, 0, 0, 2.96, 180, 28
2026/09/09 12:59:24.586, 20874, 24467, 0, 0, 3.02, 180, 28
2026/09/09 12:59:25.587, 20874, 24467, 0, 0, 3.06, 180, 28
2026/09/09 12:59:26.587, 20874, 24467, 0, 0, 3.11, 172, 28
2026/09/09 12:59:27.587, 20874, 24467, 0, 0, 3.09, 180, 28
2026/09/09 12:59:28.588, 20874, 24467, 0, 0, 3.11, 180, 28
2026/09/09 12:59:29.588, 20874, 24467, 0, 0, 3.14, 180, 28
2026/09/09 12:59:30.588, 20874, 24467, 0, 0, 3.22, 180, 28
2026/09/09 12:59:31.589, 20874, 24467, 0, 0, 3.16, 180, 28
2026/09/09 12:59:32.589, 20874, 24467, 0, 0, 3.18, 180, 28
2026/09/09 12:59:33.589, 20874, 24467, 0, 0, 3.18, 180, 28
2026/09/09 12:59:34.590, 20874, 24467, 0, 0, 3.12, 180, 28
2026/09/09 12:59:35.590, 20874, 24467, 0, 0, 3.17, 180, 28
2026/09/09 12:59:36.590, 20874, 24467, 0, 0, 3.20, 180, 28
2026/09/09 12:59:37.591, 20874, 24467, 0, 0, 3.15, 180, 28
2026/09/09 12:59:38.591, 20874, 24467, 0, 0, 3.09, 180, 28
2026/09/09 12:59:39.591, 20874, 24467, 0, 0, 2.96, 180, 28
2026/09/09 12:59:40.592, 20874, 24467, 0, 0, 3.07, 180, 28
2026/09/09 12:59:41.592, 20874, 24467, 0, 0, 2.94, 180, 28
2026/09/09 12:59:42.593, 20874, 24467, 0, 0, 3.01, 180, 28
2026/09/09 12:59:43.593, 20874, 24467, 0, 0, 3.04, 180, 28
2026/09/09 12:59:44.593, 20874, 24467, 0, 0, 2.99, 180, 28
2026/09/09 12:59:45.594, 20874, 24467, 0, 0, 2.97, 180, 28
2026/09/09 12:59:46.594, 20874, 24467, 0, 0, 2.99, 180, 28
2026/09/09 12:59:47.594, 20874, 24467, 0, 0, 3.04, 180, 28
2026/09/09 12:59:48.595, 20874, 24467, 0, 0, 3.04, 180, 28
2026/09/09 12:59:49.595, 20874, 24467, 0, 0, 3.03, 180, 28
2026/09/09 12:59:50.595, 20874, 24467, 0, 0, 3.02, 180, 28
2026/09/09 12:59:51.596, 20874, 24467, 0, 0, 3.09, 180, 28
2026/09/09 12:59:52.596, 20874, 24467, 0, 0, 3.14, 180, 28
2026/09/09 12:59:53.596, 20874, 24467, 0, 0, 3.05, 180, 28
2026/09/09 12:59:54.597, 20874, 24467, 0, 0, 3.14, 180, 28
2026/09/09 12:59:55.597, 20874, 24467, 0, 0, 3.15, 180, 28
2026/09/09 12:59:56.598, 20874, 24467, 0, 0, 3.08, 180, 28
2026/09/09 12:59:57.598, 20874, 24467, 0, 0, 3.08, 180, 28
2026/09/09 12:59:58.598, 20874, 24467, 0, 0, 3.09, 180, 28
2026/09/09 12:59:59.599, 20874, 24467, 0, 0, 3.05, 180, 28
2026/09/09 13:00:00.599, 20874, 24467, 0, 0, 3.03, 180, 28
2026/09/09 13:00:01.600, 20874, 24467, 0, 0, 3.04, 180, 28
2026/09/09 13:00:02.600, 20874, 24467, 0, 0, 3.06, 180, 28
2026/09/09 13:00:03.602, 20874, 24467, 0, 0, 3.25, 180, 28
2026/09/09 13:00:04.602, 20874, 24467, 0, 0, 16.30, 2047, 29
2026/09/09 13:00:05.603, 20874, 24467, 0, 0, 29.06, 2047, 29
2026/09/09 13:00:06.603, 20874, 24467, 0, 0, 24.23, 390, 29
2026/09/09 13:00:07.603, 20874, 24467, 0, 0, 15.95, 240, 29
2026/09/09 13:00:08.604, 20874, 24467, 0, 0, 10.16, 180, 29
2026/09/09 13:00:09.604, 20874, 24467, 0, 0, 4.35, 180, 29
2026/09/09 13:00:10.604, 20874, 24467, 0, 0, 3.80, 180, 29
2026/09/09 13:00:11.605, 20874, 24467, 0, 0, 3.16, 180, 29
2026/09/09 13:00:12.605, 20874, 24467, 0, 0, 3.15, 180, 29
2026/09/09 13:00:13.605, 20874, 24467, 0, 0, 3.20, 180, 29
2026/09/09 13:00:14.606, 20874, 24467, 0, 0, 3.22, 180, 29
2026/09/09 13:00:15.606, 20874, 24467, 0, 0, 3.20, 180, 29
2026/09/09 13:00:16.606, 20874, 24467, 0, 0, 3.20, 180, 29
2026/09/09 13:00:17.607, 20874, 24467, 0, 0, 3.18, 180, 29
2026/09/09 13:00:18.607, 20874, 24467, 0, 0, 3.16, 180, 29
2026/09/09 13:00:19.608, 20874, 24467, 0, 0, 3.11, 180, 29
2026/09/09 13:00:20.608, 20874, 24467, 0, 0, 3.16, 180, 29
2026/09/09 13:00:21.608, 20874, 24467, 0, 0, 3.18, 180, 29
2026/09/09 13:00:22.609, 20874, 24467, 0, 0, 3.14, 180, 29
2026/09/09 13:00:23.609, 20874, 24467, 0, 0, 2.97, 180, 29
2026/09/09 13:00:24.609, 20874, 24467, 0, 0, 3.04, 180, 29
2026/09/09 13:00:25.610, 20874, 24467, 0, 0, 3.17, 180, 28
2026/09/09 13:00:26.610, 20874, 24467, 0, 0, 3.19, 180, 28
2026/09/09 13:00:27.610, 20874, 24467, 0, 0, 3.26, 180, 28
2026/09/09 13:00:28.611, 20874, 24467, 0, 0, 3.18, 180, 28
2026/09/09 13:00:29.611, 20874, 24467, 0, 0, 3.13, 180, 28
2026/09/09 13:00:30.611, 20874, 24467, 0, 0, 3.20, 180, 28
2026/09/09 13:00:31.612, 20874, 24467, 0, 0, 3.22, 180, 28
2026/09/09 13:00:32.612, 20874, 24467, 0, 0, 3.24, 180, 28
2026/09/09 13:00:33.612, 20874, 24467, 0, 0, 3.19, 180, 28
2026/09/09 13:00:34.613, 20874, 24467, 0, 0, 3.06, 180, 28
2026/09/09 13:00:35.613, 20874, 24467, 0, 0, 3.17, 180, 28
2026/09/09 13:00:36.613, 20874, 24467, 0, 0, 3.14, 180, 28
2026/09/09 13:00:37.613, 20874, 24467, 0, 0, 3.08, 180, 28
2026/09/09 13:00:38.614, 20874, 24467, 0, 0, 3.15, 180, 28
2026/09/09 13:00:39.614, 20874, 24467, 0, 0, 3.23, 180, 28
2026/09/09 13:00:40.615, 20874, 24467, 0, 0, 3.34, 180, 28
2026/09/09 13:00:41.615, 20874, 24467, 0, 0, 3.28, 180, 28
2026/09/09 13:00:42.615, 20874, 24467, 0, 0, 3.27, 180, 28
2026/09/09 13:00:43.616, 20874, 24467, 0, 0, 3.17, 180, 28
2026/09/09 13:00:44.616, 20874, 24467, 0, 0, 3.14, 180, 28
2026/09/09 13:00:45.616, 20874, 24467, 0, 0, 3.09, 180, 28
2026/09/09 13:00:46.617, 20874, 24467, 0, 0, 3.08, 180, 28
2026/09/09 13:00:47.617, 20874, 24467, 0, 0, 3.01, 180, 28
2026/09/09 13:00:48.617, 20874, 24467, 0, 0, 3.05, 180, 28
2026/09/09 13:00:49.618, 20874, 24467, 0, 0, 2.98, 180, 28
2026/09/09 13:00:50.618, 20874, 24467, 0, 0, 2.94, 180, 28
2026/09/09 13:00:51.618, 20874, 24467, 0, 0, 2.97, 180, 28
2026/09/09 13:00:52.619, 20874, 24467, 0, 0, 3.00, 180, 28
2026/09/09 13:00:53.619, 20874, 24467, 0, 0, 3.12, 180, 28
2026/09/09 13:00:54.619, 20874, 24467, 0, 0, 3.14, 180, 28
2026/09/09 13:00:55.619, 20874, 24467, 0, 0, 3.17, 180, 28
2026/09/09 13:00:56.620, 20874, 24467, 0, 0, 3.24, 180, 28
2026/09/09 13:00:57.620, 20874, 24467, 0, 0, 3.27, 180, 28
2026/09/09 13:00:58.620, 20874, 24467, 0, 0, 3.23, 180, 28
2026/09/09 13:00:59.621, 20874, 24467, 0, 0, 3.21, 180, 28
2026/09/09 13:01:00.621, 20874, 24467, 0, 0, 3.19, 180, 28
2026/09/09 13:01:01.621, 20874, 24467, 0, 0, 3.13, 180, 28
2026/09/09 13:01:02.621, 20874, 24467, 0, 0, 3.13, 180, 28
2026/09/09 13:01:03.622, 20874, 24467, 0, 0, 3.07, 180, 28
2026/09/09 13:01:04.622, 20874, 24467, 0, 0, 3.10, 180, 28
2026/09/09 13:01:05.622, 20874, 24467, 0, 0, 3.09, 180, 28
2026/09/09 13:01:06.623, 20874, 24467, 0, 0, 3.14, 180, 28
2026/09/09 13:01:07.623, 20874, 24467, 0, 0, 3.16, 180, 28
2026/09/09 13:01:08.623, 20874, 24467, 0, 0, 3.14, 180, 28
2026/09/09 13:01:09.624, 20874, 24467, 0, 0, 3.04, 180, 28
2026/09/09 13:01:10.624, 20874, 24467, 0, 0, 3.09, 180, 28
2026/09/09 13:01:11.624, 20874, 24467, 0, 0, 3.18, 180, 28
2026/09/09 13:01:12.625, 20874, 24467, 0, 0, 3.23, 180, 28
2026/09/09 13:01:13.625, 20874, 24467, 0, 0, 3.16, 180, 28
2026/09/09 13:01:14.625, 20874, 24467, 0, 0, 3.05, 180, 28
2026/09/09 13:01:15.626, 20874, 24467, 0, 0, 3.08, 180, 28
2026/09/09 13:01:16.626, 20874, 24467, 0, 0, 3.09, 180, 28
2026/09/09 13:01:17.626, 20874, 24467, 0, 0, 3.08, 180, 28
2026/09/09 13:01:18.627, 20874, 24467, 0, 0, 3.10, 180, 28
2026/09/09 13:01:19.627, 20874, 24467, 0, 0, 2.95, 180, 28
2026/09/09 13:01:20.627, 20874, 24467, 0, 0, 2.97, 180, 28
2026/09/09 13:01:21.628, 20874, 24467, 0, 0, 2.98, 180, 28
2026/09/09 13:01:22.628, 20874, 24467, 0, 0, 3.02, 172, 28
2026/09/09 13:01:23.628, 20874, 24467, 0, 0, 3.06, 180, 28
2026/09/09 13:01:24.629, 20874, 24467, 0, 0, 3.11, 180, 28
2026/09/09 13:01:25.629, 20874, 24467, 0, 0, 3.10, 180, 28
2026/09/09 13:01:26.629, 20874, 24467, 0, 0, 3.05, 180, 28
2026/09/09 13:01:27.630, 20874, 24467, 0, 0, 2.86, 180, 28
2026/09/09 13:01:28.630, 20874, 24467, 0, 0, 2.94, 180, 28
2026/09/09 13:01:29.630, 20874, 24467, 0, 0, 2.98, 180, 28
2026/09/09 13:01:30.631, 20874, 24467, 0, 0, 3.00, 180, 28
2026/09/09 13:01:31.631, 20874, 24467, 0, 0, 2.99, 180, 28
2026/09/09 13:01:32.631, 20874, 24467, 0, 0, 2.96, 180, 28
2026/09/09 13:01:33.632, 20874, 24467, 0, 0, 2.97, 180, 28
2026/09/09 13:01:34.632, 20874, 24467, 0, 0, 3.00, 180, 28
2026/09/09 13:01:35.632, 20874, 24467, 0, 0, 2.97, 180, 28
2026/09/09 13:01:36.633, 20874, 24467, 0, 0, 3.00, 172, 28
2026/09/09 13:01:37.633, 20874, 24467, 0, 0, 3.00, 180, 28
2026/09/09 13:01:38.633, 20874, 24467, 0, 0, 3.02, 180, 28
2026/09/09 13:01:39.634, 20874, 24467, 0, 0, 3.08, 180, 28
2026/09/09 13:01:40.634, 20874, 24467, 0, 0, 3.04, 180, 28
2026/09/09 13:01:41.634, 20874, 24467, 0, 0, 2.98, 180, 28
2026/09/09 13:01:42.635, 20874, 24467, 0, 0, 3.04, 180, 28
2026/09/09 13:01:43.635, 20874, 24467, 0, 0, 3.12, 180, 28
2026/09/09 13:01:44.635, 20874, 24467, 0, 0, 2.96, 180, 28
2026/09/09 13:01:45.635, 20874, 24467, 0, 0, 2.97, 180, 28
2026/09/09 13:01:46.636, 20874, 24467, 0, 0, 3.09, 180, 28
2026/09/09 13:01:47.636, 20874, 24467, 0, 0, 3.09, 180, 28
2026/09/09 13:01:48.636, 20874, 24467, 0, 0, 3.10, 180, 28
2026/09/09 13:01:49.637, 20874, 24467, 0, 0, 3.11, 180, 28
2026/09/09 13:01:50.637, 20874, 24467, 0, 0, 3.14, 180, 28
2026/09/09 13:01:51.637, 20874, 24467, 0, 0, 3.11, 180, 28
2026/09/09 13:01:52.638, 20874, 24467, 0, 0, 3.15, 180, 28
2026/09/09 13:01:53.638, 20874, 24467, 0, 0, 3.08, 180, 28
2026/09/09 13:01:54.638, 20874, 24467, 0, 0, 3.05, 180, 28
2026/09/09 13:01:55.639, 20874, 24467, 0, 0, 3.04, 180, 28
2026/09/09 13:01:56.639, 20874, 24467, 0, 0, 3.13, 180, 28
2026/09/09 13:01:57.639, 20874, 24467, 0, 0, 3.15, 180, 28
2026/09/09 13:01:58.640, 20874, 24467, 0, 0, 3.11, 180, 28
2026/09/09 13:01:59.640, 20874, 24467, 0, 0, 3.10, 180, 28
2026/09/09 13:02:00.640, 20874, 24467, 0, 0, 3.18, 180, 28
2026/09/09 13:02:01.641, 20874, 24467, 0, 0, 3.11, 180, 28
2026/09/09 13:02:02.641, 20874, 24467, 0, 0, 3.12, 180, 28
2026/09/09 13:02:03.641, 20874, 24467, 0, 0, 3.16, 180, 28
2026/09/09 13:02:04.642, 20874, 24467, 0, 0, 3.15, 180, 28
2026/09/09 13:02:05.642, 20874, 24467, 0, 0, 3.12, 180, 28
2026/09/09 13:02:06.642, 20874, 24467, 0, 0, 3.22, 180, 28
2026/09/09 13:02:07.643, 20874, 24467, 0, 0, 3.18, 180, 28
2026/09/09 13:02:08.643, 20874, 24467, 0, 0, 3.09, 180, 28
2026/09/09 13:02:09.643, 20874, 24467, 0, 0, 3.10, 180, 28
2026/09/09 13:02:10.644, 20874, 24467, 0, 0, 3.03, 180, 28
2026/09/09 13:02:11.644, 20874, 24467, 0, 0, 3.04, 180, 28
2026/09/09 13:02:12.644, 20874, 24467, 0, 0, 3.06, 180, 28
2026/09/09 13:02:13.645, 20874, 24467, 0, 0, 3.15, 180, 28
2026/09/09 13:02:14.645, 20874, 24467, 0, 0, 3.22, 180, 28
2026/09/09 13:02:15.645, 20874, 24467, 0, 0, 3.27, 180, 28
2026/09/09 13:02:16.646, 20874, 24467, 0, 0, 3.12, 180, 28
2026/09/09 13:02:17.646, 20874, 24467, 0, 0, 3.20, 180, 28
2026/09/09 13:02:18.646, 20874, 24467, 0, 0, 3.21, 180, 28
2026/09/09 13:02:19.647, 20874, 24467, 0, 0, 3.15, 180, 28
2026/09/09 13:02:20.647, 20874, 24467, 0, 0, 3.14, 180, 28
2026/09/09 13:02:21.647, 20874, 24467, 0, 0, 3.11, 180, 28
2026/09/09 13:02:22.648, 20874, 24467, 0, 0, 3.78, 180, 28
2026/09/09 13:02:23.648, 20874, 24467, 0, 0, 3.56, 180, 28
2026/09/09 13:02:24.648, 20874, 24467, 0, 0, 3.19, 180, 28
2026/09/09 13:02:25.649, 20874, 24467, 0, 0, 3.24, 180, 28
2026/09/09 13:02:26.649, 20874, 24467, 0, 0, 3.13, 180, 28
2026/09/09 13:02:27.649, 20874, 24467, 0, 0, 3.18, 180, 28
2026/09/09 13:02:28.650, 20874, 24467, 0, 0, 3.21, 180, 28
2026/09/09 13:02:29.650, 20874, 24467, 0, 0, 3.14, 180, 28
2026/09/09 13:02:30.650, 20874, 24467, 0, 0, 3.17, 180, 28
2026/09/09 13:02:31.651, 20874, 24467, 0, 0, 3.16, 180, 28
2026/09/09 13:02:32.651, 20874, 24467, 0, 0, 3.12, 180, 28
2026/09/09 13:02:33.651, 20874, 24467, 0, 0, 3.19, 180, 28
2026/09/09 13:02:34.652, 20874, 24467, 0, 0, 3.18, 180, 28
2026/09/09 13:02:35.652, 20874, 24467, 0, 0, 3.17, 180, 28
2026/09/09 13:02:36.652, 20874, 24467, 0, 0, 3.15, 180, 28
2026/09/09 13:02:37.653, 20874, 24467, 0, 0, 3.17, 180, 28
2026/09/09 13:02:38.653, 20874, 24467, 0, 0, 3.15, 180, 28
2026/09/09 13:02:39.653, 20874, 24467, 0, 0, 3.16, 180, 28
2026/09/09 13:02:40.654, 20874, 24467, 0, 0, 3.18, 180, 28
2026/09/09 13:02:41.654, 20874, 24467, 0, 0, 3.12, 180, 28
2026/09/09 13:02:42.654, 20874, 24467, 0, 0, 3.14, 180, 28
2026/09/09 13:02:43.655, 20874, 24467, 0, 0, 3.17, 180, 28
2026/09/09 13:02:44.655, 20874, 24467, 0, 0, 3.12, 180, 28
2026/09/09 13:02:45.655, 20874, 24467, 0, 0, 3.12, 180, 28
2026/09/09 13:02:46.656, 20874, 24467, 0, 0, 3.20, 180, 28
2026/09/09 13:02:47.656, 20874, 24467, 0, 0, 3.13, 180, 28
2026/09/09 13:02:48.656, 20874, 24467, 0, 0, 3.11, 180, 28
2026/09/09 13:02:49.657, 20874, 24467, 0, 0, 3.14, 180, 28
2026/09/09 13:02:50.657, 20874, 24467, 0, 0, 3.12, 180, 28
2026/09/09 13:02:51.657, 20874, 24467, 0, 0, 3.16, 180, 28
2026/09/09 13:02:52.658, 20874, 24467, 0, 0, 3.08, 180, 28
2026/09/09 13:02:53.658, 20874, 24467, 0, 0, 3.03, 180, 28
2026/09/09 13:02:54.658, 20874, 24467, 0, 0, 2.98, 180, 28
2026/09/09 13:02:55.659, 20874, 24467, 0, 0, 2.95, 180, 28
2026/09/09 13:02:56.659, 20874, 24467, 0, 0, 2.99, 180, 28
2026/09/09 13:02:57.660, 20874, 24467, 0, 0, 3.00, 180, 28
2026/09/09 13:02:58.660, 20874, 24467, 0, 0, 2.91, 180, 28
2026/09/09 13:02:59.660, 20874, 24467, 0, 0, 2.98, 180, 28
2026/09/09 13:03:00.661, 20874, 24467, 0, 0, 3.03, 180, 28
2026/09/09 13:03:01.661, 20874, 24467, 0, 0, 2.97, 180, 28
2026/09/09 13:03:02.661, 20874, 24467, 0, 0, 2.96, 180, 28
2026/09/09 13:03:03.662, 20874, 24467, 0, 0, 2.96, 180, 28
2026/09/09 13:03:04.662, 20874, 24467, 0, 0, 2.94, 180, 28
2026/09/09 13:03:05.662, 20874, 24467, 0, 0, 2.93, 180, 28
2026/09/09 13:03:06.662, 20874, 24467, 0, 0, 2.90, 180, 28
2026/09/09 13:03:07.663, 20874, 24467, 0, 0, 2.87, 180, 28
2026/09/09 13:03:08.663, 20874, 24467, 0, 0, 2.88, 172, 28
2026/09/09 13:03:09.664, 20874, 24467, 0, 0, 2.94, 180, 28
2026/09/09 13:03:10.664, 20874, 24467, 0, 0, 2.93, 180, 28
2026/09/09 13:03:11.664, 20874, 24467, 0, 0, 2.96, 180, 28
2026/09/09 13:03:12.665, 20874, 24467, 0, 0, 3.03, 180, 28
2026/09/09 13:03:13.665, 20874, 24467, 0, 0, 3.03, 180, 28
2026/09/09 13:03:14.665, 20874, 24467, 0, 0, 2.99, 180, 28
2026/09/09 13:03:15.666, 20874, 24467, 0, 0, 3.01, 180, 28
2026/09/09 13:03:16.666, 20874, 24467, 0, 0, 2.99, 180, 28
2026/09/09 13:03:17.666, 20874, 24467, 0, 0, 2.98, 180, 28
2026/09/09 13:03:18.667, 20874, 24467, 0, 0, 2.90, 180, 28
2026/09/09 13:03:19.667, 20874, 24467, 0, 0, 3.04, 180, 28
2026/09/09 13:03:20.667, 20874, 24467, 0, 0, 3.10, 180, 28
2026/09/09 13:03:21.668, 20874, 24467, 0, 0, 3.23, 180, 28
2026/09/09 13:03:22.669, 20874, 24467, 0, 0, 3.18, 180, 28
2026/09/09 13:03:23.669, 20874, 24467, 0, 0, 3.04, 180, 28
2026/09/09 13:03:24.669, 20874, 24467, 0, 0, 3.04, 180, 28
2026/09/09 13:03:25.670, 20874, 24467, 0, 0, 3.10, 180, 28
2026/09/09 13:03:26.670, 20874, 24467, 0, 0, 3.04, 180, 28
2026/09/09 13:03:27.670, 20874, 24467, 0, 0, 2.99, 180, 28
2026/09/09 13:03:28.671, 20874, 24467, 0, 0, 2.98, 180, 28
2026/09/09 13:03:29.671, 20874, 24467, 0, 0, 2.99, 180, 28
2026/09/09 13:03:30.671, 20874, 24467, 0, 0, 3.11, 180, 28
2026/09/09 13:03:31.672, 20874, 24467, 0, 0, 3.03, 180, 28
2026/09/09 13:03:32.672, 20874, 24467, 0, 0, 2.92, 180, 28
2026/09/09 13:03:33.672, 20874, 24467, 0, 0, 2.88, 180, 28
2026/09/09 13:03:34.673, 20874, 24467, 0, 0, 2.89, 180, 28
2026/09/09 13:03:35.673, 20874, 24467, 0, 0, 2.90, 180, 28
2026/09/09 13:03:36.673, 20874, 24467, 0, 0, 2.95, 180, 28
2026/09/09 13:03:37.674, 20874, 24467, 0, 0, 2.89, 180, 28
2026/09/09 13:03:38.674, 20874, 24467, 0, 0, 2.87, 180, 28
2026/09/09 13:03:39.675, 20874, 24467, 0, 0, 2.85, 180, 28
2026/09/09 13:03:40.675, 20874, 24467, 0, 0, 3.03, 180, 28
2026/09/09 13:03:41.675, 20874, 24467, 0, 0, 2.98, 180, 28
2026/09/09 13:03:42.676, 20874, 24467, 0, 0, 2.99, 180, 28
2026/09/09 13:03:43.676, 20874, 24467, 0, 0, 3.00, 180, 28
2026/09/09 13:03:44.676, 20874, 24467, 0, 0, 3.00, 180, 28
2026/09/09 13:03:45.677, 20874, 24467, 0, 0, 3.02, 180, 28
2026/09/09 13:03:46.677, 20874, 24467, 0, 0, 3.07, 180, 28
2026/09/09 13:03:47.677, 20874, 24467, 0, 0, 3.08, 180, 28
2026/09/09 13:03:48.678, 20874, 24467, 0, 0, 2.99, 180, 28
2026/09/09 13:03:49.678, 20874, 24467, 0, 0, 2.97, 180, 28
2026/09/09 13:03:50.679, 20874, 24467, 0, 0, 2.97, 180, 28
2026/09/09 13:03:51.679, 20874, 24467, 0, 0, 2.97, 180, 28
2026/09/09 13:03:52.679, 20874, 24467, 0, 0, 2.98, 180, 28
2026/09/09 13:03:53.679, 20874, 24467, 0, 0, 2.93, 180, 28
2026/09/09 13:03:54.680, 20874, 24467, 0, 0, 2.99, 180, 28
2026/09/09 13:03:55.680, 20874, 24467, 0, 0, 3.10, 180, 28
2026/09/09 13:03:56.680, 20874, 24467, 0, 0, 3.02, 180, 28
2026/09/09 13:03:57.681, 20874, 24467, 0, 0, 3.04, 180, 28
2026/09/09 13:03:58.681, 20874, 24467, 0, 0, 3.03, 180, 28
2026/09/09 13:03:59.681, 20874, 24467, 0, 0, 3.09, 180, 28
2026/09/09 13:04:00.682, 20874, 24467, 0, 0, 3.11, 180, 28
2026/09/09 13:04:01.682, 20874, 24467, 0, 0, 2.99, 180, 28
2026/09/09 13:04:02.682, 20874, 24467, 0, 0, 3.02, 180, 28
2026/09/09 13:04:03.683, 20874, 24467, 0, 0, 2.98, 180, 28
2026/09/09 13:04:04.683, 20874, 24467, 0, 0, 2.99, 180, 28
2026/09/09 13:04:05.683, 20874, 24467, 0, 0, 3.02, 180, 28
2026/09/09 13:04:06.683, 20874, 24467, 0, 0, 2.96, 180, 28
2026/09/09 13:04:07.684, 20874, 24467, 0, 0, 3.01, 180, 28
2026/09/09 13:04:08.684, 20874, 24467, 0, 0, 3.16, 180, 28
2026/09/09 13:04:09.684, 20874, 24467, 0, 0, 3.16, 180, 28
2026/09/09 13:04:10.685, 20874, 24467, 0, 0, 3.02, 180, 28
2026/09/09 13:04:11.685, 20874, 24467, 0, 0, 3.10, 180, 28
2026/09/09 13:04:12.685, 20874, 24467, 0, 0, 3.11, 180, 28
2026/09/09 13:04:13.686, 20874, 24467, 0, 0, 3.03, 180, 28
2026/09/09 13:04:14.686, 20874, 24467, 0, 0, 3.00, 180, 28
2026/09/09 13:04:15.686, 20874, 24467, 0, 0, 3.03, 180, 28
2026/09/09 13:04:16.687, 20874, 24467, 0, 0, 3.05, 180, 28
2026/09/09 13:04:17.687, 20874, 24467, 0, 0, 3.03, 180, 28
2026/09/09 13:04:18.687, 20874, 24467, 0, 0, 3.03, 180, 28
2026/09/09 13:04:19.688, 20874, 24467, 0, 0, 3.06, 180, 28
2026/09/09 13:04:20.688, 20874, 24467, 0, 0, 3.13, 180, 28
2026/09/09 13:04:21.688, 20874, 24467, 0, 0, 3.14, 180, 28
2026/09/09 13:04:22.689, 20874, 24467, 0, 0, 3.11, 180, 28
2026/09/09 13:04:23.689, 20874, 24467, 0, 0, 3.05, 180, 28
2026/09/09 13:04:24.689, 20874, 24467, 0, 0, 2.92, 180, 28
2026/09/09 13:04:25.690, 20874, 24467, 0, 0, 2.95, 180, 28
2026/09/09 13:04:26.690, 20874, 24467, 0, 0, 2.99, 180, 28
2026/09/09 13:04:27.690, 20874, 24467, 0, 0, 3.02, 180, 28
2026/09/09 13:04:28.690, 20874, 24467, 0, 0, 2.97, 180, 28
2026/09/09 13:04:29.691, 20874, 24467, 0, 0, 2.99, 180, 28
2026/09/09 13:04:30.691, 20874, 24467, 0, 0, 3.08, 180, 28
2026/09/09 13:04:31.691, 20874, 24467, 0, 0, 3.02, 180, 28
2026/09/09 13:04:32.692, 20874, 24467, 0, 0, 3.03, 180, 28
2026/09/09 13:04:33.692, 20874, 24467, 0, 0, 3.06, 180, 28
2026/09/09 13:04:34.692, 20874, 24467, 0, 0, 3.02, 180, 28
2026/09/09 13:04:35.693, 20874, 24467, 0, 0, 3.03, 180, 28
2026/09/09 13:04:36.693, 20874, 24467, 0, 0, 3.00, 180, 28
2026/09/09 13:04:37.693, 20874, 24467, 0, 0, 2.99, 180, 28
2026/09/09 13:04:38.693, 20874, 24467, 0, 0, 3.00, 180, 28
2026/09/09 13:04:39.694, 20874, 24467, 0, 0, 2.98, 180, 28
2026/09/09 13:04:40.694, 20874, 24467, 0, 0, 2.93, 172, 28
2026/09/09 13:04:41.694, 20874, 24467, 0, 0, 2.91, 180, 28
2026/09/09 13:04:42.695, 20874, 24467, 0, 0, 2.90, 180, 28
2026/09/09 13:04:43.695, 20874, 24467, 0, 0, 2.90, 180, 28
2026/09/09 13:04:44.695, 20874, 24467, 0, 0, 2.88, 180, 28
2026/09/09 13:04:45.696, 20874, 24467, 0, 0, 3.02, 180, 28
2026/09/09 13:04:46.696, 20874, 24467, 0, 0, 3.08, 180, 28
2026/09/09 13:04:47.696, 20874, 24467, 0, 0, 3.07, 172, 28
2026/09/09 13:04:48.697, 20874, 24467, 0, 0, 3.03, 180, 28
2026/09/09 13:04:49.697, 20874, 24467, 0, 0, 3.01, 180, 28
2026/09/09 13:04:50.697, 20874, 24467, 0, 0, 2.98, 180, 28
2026/09/09 13:04:51.698, 20874, 24467, 0, 0, 2.99, 180, 28
2026/09/09 13:04:52.698, 20874, 24467, 0, 0, 2.97, 180, 28
2026/09/09 13:04:53.698, 20874, 24467, 0, 0, 2.92, 180, 28
2026/09/09 13:04:54.698, 20874, 24467, 0, 0, 2.91, 172, 28
2026/09/09 13:04:55.699, 20874, 24467, 0, 0, 3.17, 180, 28
2026/09/09 13:04:56.699, 20874, 24467, 0, 0, 3.07, 180, 28
2026/09/09 13:04:57.699, 20874, 24467, 0, 0, 2.94, 180, 28
2026/09/09 13:04:58.700, 20874, 24467, 0, 0, 2.96, 180, 28
2026/09/09 13:04:59.700, 20874, 24467, 0, 0, 2.94, 180, 28
2026/09/09 13:05:00.700, 20874, 24467, 0, 0, 3.11, 180, 28
2026/09/09 13:05:01.701, 20874, 24467, 0, 0, 3.02, 180, 28
2026/09/09 13:05:02.701, 20874, 24467, 0, 0, 3.04, 180, 28
2026/09/09 13:05:03.701, 20874, 24467, 0, 0, 3.07, 180, 28
2026/09/09 13:05:04.702, 20874, 24467, 0, 0, 3.05, 180, 28
2026/09/09 13:05:05.702, 20874, 24467, 0, 0, 3.11, 180, 28
2026/09/09 13:05:06.702, 20874, 24467, 0, 0, 3.13, 180, 28
2026/09/09 13:05:07.702, 20874, 24467, 0, 0, 3.09, 180, 28
2026/09/09 13:05:08.703, 20874, 24467, 0, 0, 3.04, 180, 28
2026/09/09 13:05:09.703, 20874, 24467, 0, 0, 3.07, 180, 28
2026/09/09 13:05:10.703, 20874, 24467, 0, 0, 3.06, 180, 28
2026/09/09 13:05:11.704, 20874, 24467, 0, 0, 3.13, 180, 28
2026/09/09 13:05:12.704, 20874, 24467, 0, 0, 3.12, 180, 28
2026/09/09 13:05:13.704, 20874, 24467, 0, 0, 3.12, 180, 28
2026/09/09 13:05:14.705, 20874, 24467, 0, 0, 3.17, 180, 28
2026/09/09 13:05:15.705, 20874, 24467, 0, 0, 3.14, 180, 28
2026/09/09 13:05:16.705, 20874, 24467, 0, 0, 3.11, 180, 28
2026/09/09 13:05:17.706, 20874, 24467, 0, 0, 3.13, 180, 28
2026/09/09 13:05:18.706, 20874, 24467, 0, 0, 3.15, 180, 28
2026/09/09 13:05:19.706, 20874, 24467, 0, 0, 3.14, 180, 28
2026/09/09 13:05:20.707, 20874, 24467, 0, 0, 3.15, 180, 28
2026/09/09 13:05:21.707, 20874, 24467, 0, 0, 3.10, 180, 28
2026/09/09 13:05:22.707, 20874, 24467, 0, 0, 2.97, 180, 28
2026/09/09 13:05:23.708, 20874, 24467, 0, 0, 2.98, 180, 28
2026/09/09 13:05:24.708, 20874, 24467, 0, 0, 2.99, 180, 28
2026/09/09 13:05:25.708, 20874, 24467, 0, 0, 3.01, 180, 28
2026/09/09 13:05:26.709, 20874, 24467, 0, 0, 2.96, 180, 28
2026/09/09 13:05:27.709, 20874, 24467, 0, 0, 2.97, 180, 28
2026/09/09 13:05:28.709, 20874, 24467, 0, 0, 3.05, 180, 28
2026/09/09 13:05:29.710, 20874, 24467, 0, 0, 3.09, 180, 28
2026/09/09 13:05:30.710, 20874, 24467, 0, 0, 3.15, 180, 28
2026/09/09 13:05:31.710, 20874, 24467, 0, 0, 3.07, 180, 28
2026/09/09 13:05:32.711, 20874, 24467, 0, 0, 3.04, 180, 28
2026/09/09 13:05:33.711, 20874, 24467, 0, 0, 2.94, 180, 28
2026/09/09 13:05:34.711, 20874, 24467, 0, 0, 2.97, 180, 28
2026/09/09 13:05:35.712, 20874, 24467, 0, 0, 3.14, 180, 28
2026/09/09 13:05:36.712, 20874, 24467, 0, 0, 3.08, 180, 28
2026/09/09 13:05:37.712, 20874, 24467, 0, 0, 3.00, 180, 28
2026/09/09 13:05:38.713, 20874, 24467, 0, 0, 2.98, 180, 28
2026/09/09 13:05:39.713, 20874, 24467, 0, 0, 2.96, 180, 28
2026/09/09 13:05:40.714, 20874, 24467, 0, 0, 2.97, 180, 28
2026/09/09 13:05:41.714, 20874, 24467, 0, 0, 2.99, 180, 28
2026/09/09 13:05:42.714, 20874, 24467, 0, 0, 3.00, 180, 28
2026/09/09 13:05:43.715, 20874, 24467, 0, 0, 2.98, 180, 28
2026/09/09 13:05:44.715, 20874, 24467, 0, 0, 3.03, 180, 28
2026/09/09 13:05:45.715, 20874, 24467, 0, 0, 2.89, 180, 28
2026/09/09 13:05:46.716, 20874, 24467, 0, 0, 2.91, 180, 28
2026/09/09 13:05:47.716, 20874, 24467, 0, 0, 2.92, 180, 28
2026/09/09 13:05:48.716, 20874, 24467, 0, 0, 3.11, 180, 28
2026/09/09 13:05:49.717, 20874, 24467, 0, 0, 3.03, 180, 28
2026/09/09 13:05:50.717, 20874, 24467, 0, 0, 2.89, 180, 28
2026/09/09 13:05:51.717, 20874, 24467, 0, 0, 2.90, 180, 28
2026/09/09 13:05:52.718, 20874, 24467, 0, 0, 2.88, 180, 28
2026/09/09 13:05:53.718, 20874, 24467, 0, 0, 2.91, 180, 28
2026/09/09 13:05:54.718, 20874, 24467, 0, 0, 2.95, 180, 28
2026/09/09 13:05:55.719, 20874, 24467, 0, 0, 2.98, 180, 28
2026/09/09 13:05:56.719, 20874, 24467, 0, 0, 2.86, 180, 28
2026/09/09 13:05:57.719, 20874, 24467, 0, 0, 2.88, 180, 28
2026/09/09 13:05:58.720, 20874, 24467, 0, 0, 2.96, 180, 28
2026/09/09 13:05:59.720, 20874, 24467, 0, 0, 2.97, 180, 28
2026/09/09 13:06:00.720, 20874, 24467, 0, 0, 2.98, 180, 28
2026/09/09 13:06:01.721, 20874, 24467, 0, 0, 2.97, 180, 28
2026/09/09 13:06:02.721, 20874, 24467, 0, 0, 3.00, 180, 28
2026/09/09 13:06:03.721, 20874, 24467, 0, 0, 3.00, 180, 28
2026/09/09 13:06:04.722, 20874, 24467, 0, 0, 2.98, 180, 28
2026/09/09 13:06:05.722, 20874, 24467, 0, 0, 2.97, 180, 28
2026/09/09 13:06:06.722, 20874, 24467, 0, 0, 3.01, 180, 28
2026/09/09 13:06:07.723, 20874, 24467, 0, 0, 3.01, 180, 28
2026/09/09 13:06:08.723, 20874, 24467, 0, 0, 3.04, 180, 28
2026/09/09 13:06:09.723, 20874, 24467, 0, 0, 3.10, 180, 28
2026/09/09 13:06:10.724, 20874, 24467, 0, 0, 3.11, 180, 28
2026/09/09 13:06:11.724, 20874, 24467, 0, 0, 3.07, 180, 28
2026/09/09 13:06:12.724, 20874, 24467, 0, 0, 3.03, 180, 28
2026/09/09 13:06:13.725, 20874, 24467, 0, 0, 2.96, 180, 28
2026/09/09 13:06:14.725, 20874, 24467, 0, 0, 3.03, 180, 28
2026/09/09 13:06:15.725, 20874, 24467, 0, 0, 3.07, 180, 28
2026/09/09 13:06:16.726, 20874, 24467, 0, 0, 3.07, 180, 28
2026/09/09 13:06:17.726, 20874, 24467, 0, 0, 3.04, 180, 28
2026/09/09 13:06:18.727, 20874, 24467, 0, 0, 2.99, 180, 28
2026/09/09 13:06:19.727, 20874, 24467, 0, 0, 2.98, 172, 28
2026/09/09 13:06:20.727, 20874, 24467, 0, 0, 2.99, 180, 28
2026/09/09 13:06:21.728, 20874, 24467, 0, 0, 2.96, 180, 28
2026/09/09 13:06:22.728, 20874, 24467, 0, 0, 2.99, 180, 28
2026/09/09 13:06:23.728, 20874, 24467, 0, 0, 3.06, 180, 28
2026/09/09 13:06:24.729, 20874, 24467, 0, 0, 3.15, 180, 28
2026/09/09 13:06:25.729, 20874, 24467, 0, 0, 3.19, 180, 28
2026/09/09 13:06:26.729, 20874, 24467, 0, 0, 3.17, 180, 28
2026/09/09 13:06:27.730, 20874, 24467, 0, 0, 3.10, 180, 28
2026/09/09 13:06:28.730, 20874, 24467, 0, 0, 3.01, 180, 28
2026/09/09 13:06:29.730, 20874, 24467, 0, 0, 3.09, 180, 28
2026/09/09 13:06:30.731, 20874, 24467, 0, 0, 3.12, 180, 28
2026/09/09 13:06:31.731, 20874, 24467, 0, 0, 3.16, 180, 28
2026/09/09 13:06:32.731, 20874, 24467, 0, 0, 3.15, 180, 28
2026/09/09 13:06:33.732, 20874, 24467, 0, 0, 3.20, 172, 28
2026/09/09 13:06:34.732, 20874, 24467, 0, 0, 3.16, 180, 28
2026/09/09 13:06:35.732, 20874, 24467, 0, 0, 3.09, 180, 28
2026/09/09 13:06:36.733, 20874, 24467, 0, 0, 3.12, 180, 28
2026/09/09 13:06:37.733, 20874, 24467, 0, 0, 3.15, 180, 28
2026/09/09 13:06:38.733, 20874, 24467, 0, 0, 3.22, 180, 28
2026/09/09 13:06:39.734, 20874, 24467, 0, 0, 3.05, 180, 28
2026/09/09 13:06:40.734, 20874, 24467, 0, 0, 3.03, 172, 28
2026/09/09 13:06:41.735, 20874, 24467, 0, 0, 3.10, 180, 28
2026/09/09 13:06:42.735, 20874, 24467, 0, 0, 3.11, 180, 28
2026/09/09 13:06:43.735, 20874, 24467, 0, 0, 3.17, 180, 28
2026/09/09 13:06:44.736, 20874, 24467, 0, 0, 3.17, 180, 28
2026/09/09 13:06:45.736, 20874, 24467, 0, 0, 3.18, 180, 28
2026/09/09 13:06:46.736, 20874, 24467, 0, 0, 3.16, 180, 28
2026/09/09 13:06:47.737, 20874, 24467, 0, 0, 3.03, 180, 28
2026/09/09 13:06:48.737, 20874, 24467, 0, 0, 3.08, 180, 28
2026/09/09 13:06:49.737, 20874, 24467, 0, 0, 3.04, 180, 28
2026/09/09 13:06:50.738, 20874, 24467, 0, 0, 3.05, 180, 28
2026/09/09 13:06:51.738, 20874, 24467, 0, 0, 3.03, 180, 28
2026/09/09 13:06:52.738, 20874, 24467, 0, 0, 2.96, 180, 28
2026/09/09 13:06:53.738, 20874, 24467, 0, 0, 3.00, 180, 28
2026/09/09 13:06:54.739, 20874, 24467, 0, 0, 2.99, 180, 28
2026/09/09 13:06:55.739, 20874, 24467, 0, 0, 2.98, 180, 28
2026/09/09 13:06:56.740, 20874, 24467, 0, 0, 2.96, 180, 28
2026/09/09 13:06:57.740, 20874, 24467, 0, 0, 2.96, 180, 28
2026/09/09 13:06:58.740, 20874, 24467, 0, 0, 2.89, 180, 28
2026/09/09 13:06:59.741, 20874, 24467, 0, 0, 2.94, 180, 28
2026/09/09 13:07:00.741, 20874, 24467, 0, 0, 3.12, 180, 28
2026/09/09 13:07:01.741, 20874, 24467, 0, 0, 3.07, 180, 28
2026/09/09 13:07:02.742, 20874, 24467, 0, 0, 3.05, 180, 28
2026/09/09 13:07:03.742, 20874, 24467, 0, 0, 3.07, 180, 28
2026/09/09 13:07:04.742, 20874, 24467, 0, 0, 3.08, 180, 28
2026/09/09 13:07:05.743, 20874, 24467, 0, 0, 3.14, 180, 28
2026/09/09 13:07:06.743, 20874, 24467, 0, 0, 3.12, 180, 28
2026/09/09 13:07:07.743, 20874, 24467, 0, 0, 3.08, 180, 28
2026/09/09 13:07:08.744, 20874, 24467, 0, 0, 3.09, 180, 28
2026/09/09 13:07:09.744, 20874, 24467, 0, 0, 3.11, 180, 28
2026/09/09 13:07:10.744, 20874, 24467, 0, 0, 3.11, 180, 28
2026/09/09 13:07:11.745, 20874, 24467, 0, 0, 3.08, 180, 28
2026/09/09 13:07:12.745, 20874, 24467, 0, 0, 3.08, 180, 28
2026/09/09 13:07:13.745, 20874, 24467, 0, 0, 3.03, 180, 28
2026/09/09 13:07:14.746, 20874, 24467, 0, 0, 3.07, 180, 28
2026/09/09 13:07:15.746, 20874, 24467, 0, 0, 3.07, 180, 28
2026/09/09 13:07:16.746, 20874, 24467, 0, 0, 3.03, 180, 28
2026/09/09 13:07:17.746, 20874, 24467, 0, 0, 2.94, 180, 28
2026/09/09 13:07:18.747, 20874, 24467, 0, 0, 2.98, 180, 28
2026/09/09 13:07:19.747, 20874, 24467, 0, 0, 3.06, 180, 28
2026/09/09 13:07:20.747, 20874, 24467, 0, 0, 3.13, 180, 28
2026/09/09 13:07:21.748, 20874, 24467, 0, 0, 2.96, 180, 28
2026/09/09 13:07:22.748, 20874, 24467, 0, 0, 2.99, 180, 28
2026/09/09 13:07:23.749, 20874, 24467, 0, 0, 2.99, 180, 28
2026/09/09 13:07:24.749, 20874, 24467, 0, 0, 3.01, 180, 28
2026/09/09 13:07:25.749, 20874, 24467, 0, 0, 3.01, 180, 28
2026/09/09 13:07:26.750, 20874, 24467, 0, 0, 2.99, 180, 28
2026/09/09 13:07:27.750, 20874, 24467, 0, 0, 2.97, 180, 28
2026/09/09 13:07:28.750, 20874, 24467, 0, 0, 2.88, 180, 28
2026/09/09 13:07:29.751, 20874, 24467, 0, 0, 2.90, 180, 28
2026/09/09 13:07:30.751, 20874, 24467, 0, 0, 2.94, 180, 28
2026/09/09 13:07:31.751, 20874, 24467, 0, 0, 2.93, 180, 28
2026/09/09 13:07:32.752, 20874, 24467, 0, 0, 2.94, 180, 28
2026/09/09 13:07:33.752, 20874, 24467, 0, 0, 2.93, 180, 28
2026/09/09 13:07:34.752, 20874, 24467, 0, 0, 3.07, 180, 28
2026/09/09 13:07:35.752, 20874, 24467, 0, 0, 3.11, 180, 28
2026/09/09 13:07:36.753, 20874, 24467, 0, 0, 3.24, 180, 28
2026/09/09 13:07:37.753, 20874, 24467, 0, 0, 3.14, 180, 28
2026/09/09 13:07:38.753, 20874, 24467, 0, 0, 3.11, 180, 28
2026/09/09 13:07:39.754, 20874, 24467, 0, 0, 3.06, 180, 28
2026/09/09 13:07:40.754, 20874, 24467, 0, 0, 3.09, 180, 28
2026/09/09 13:07:41.754, 20874, 24467, 0, 0, 3.11, 180, 28
2026/09/09 13:07:42.755, 20874, 24467, 0, 0, 3.09, 180, 28
2026/09/09 13:07:43.755, 20874, 24467, 0, 0, 3.08, 180, 28
2026/09/09 13:07:44.755, 20874, 24467, 0, 0, 3.09, 180, 28
2026/09/09 13:07:45.756, 20874, 24467, 0, 0, 3.05, 180, 28
2026/09/09 13:07:46.756, 20874, 24467, 0, 0, 3.04, 180, 28
2026/09/09 13:07:47.756, 20874, 24467, 0, 0, 3.03, 180, 28
2026/09/09 13:07:48.757, 20874, 24467, 0, 0, 3.09, 180, 28
2026/09/09 13:07:49.757, 20874, 24467, 0, 0, 3.02, 180, 28
2026/09/09 13:07:50.757, 20874, 24467, 0, 0, 2.99, 180, 28
2026/09/09 13:07:51.758, 20874, 24467, 0, 0, 3.07, 180, 28
2026/09/09 13:07:52.758, 20874, 24467, 0, 0, 3.05, 180, 28
2026/09/09 13:07:53.758, 20874, 24467, 0, 0, 2.93, 180, 28
